gene_id,reactor1,reactor2,leaching1,leaching2,reactor3
BDKBJLID_00001,205,156,1577,1311,183
BDKBJLID_00002,305,166,1637,1239,212
BDKBJLID_00003,30,18,411,486,25
BDKBJLID_00004,105,66,838,597,84
BDKBJLID_00005,88,43,343,356,61
BDKBJLID_00006,241,163,1731,1724,209
BDKBJLID_00008,21,24,206,125,28
BDKBJLID_00009,3,0,12,25,0
BDKBJLID_00010,237,240,2616,3084,289
BDKBJLID_00011,5,7,87,56,13
BDKBJLID_00012,43,36,354,311,36
BDKBJLID_00013,155,148,2418,3040,163
BDKBJLID_00014,81,70,1172,1069,90
BDKBJLID_00015,17,13,91,110,13
BDKBJLID_00016,822,283,4603,2898,474
BDKBJLID_00017,144,83,1354,1205,88
BDKBJLID_00018,138,132,2904,4081,166
BDKBJLID_00019,128,62,605,498,79
BDKBJLID_00020,109,44,515,391,44
BDKBJLID_00021,414,130,2020,1286,179
BDKBJLID_00022,28,15,206,142,8
BDKBJLID_00023,9,6,185,200,7
BDKBJLID_00024,12,11,292,272,24
BDKBJLID_00025,19,17,446,223,18
BDKBJLID_00026,49,54,1286,1000,60
BDKBJLID_00027,21,10,132,106,7
BDKBJLID_00028,26,18,329,216,13
BDKBJLID_00029,296,197,2166,1891,206
BDKBJLID_00030,30,25,352,287,24
BDKBJLID_00031,17,6,86,52,2
BDKBJLID_00032,72,49,835,731,70
BDKBJLID_00033,204,86,1306,818,89
BDKBJLID_00034,71,31,373,293,48
BDKBJLID_00035,2,1,30,17,1
BDKBJLID_00036,21,8,178,117,11
BDKBJLID_00037,11,4,38,60,6
BDKBJLID_00038,3,0,25,29,5
BDKBJLID_00039,7,5,74,74,9
BDKBJLID_00040,10,9,204,102,7
BDKBJLID_00041,10,6,104,51,2
BDKBJLID_00042,143,59,1709,1138,68
BDKBJLID_00043,738,495,4823,4561,557
BDKBJLID_00044,26,17,178,106,23
BDKBJLID_00045,17,7,228,276,16
BDKBJLID_00046,11,15,72,63,8
BDKBJLID_00047,42,31,379,376,46
BDKBJLID_00048,3,4,44,34,0
BDKBJLID_00049,15,11,133,103,14
BDKBJLID_00050,1,3,20,19,3
BDKBJLID_00051,10,9,58,25,5
BDKBJLID_00052,9,7,131,119,9
BDKBJLID_00053,28,35,411,362,34
BDKBJLID_00054,8,11,131,137,14
BDKBJLID_00055,157,125,1584,1406,173
BDKBJLID_00056,114,90,449,565,97
BDKBJLID_00057,545,357,2322,1805,442
BDKBJLID_00058,225,227,2501,2800,208
BDKBJLID_00059,41,30,397,301,27
BDKBJLID_00060,19,25,273,196,13
BDKBJLID_00061,51,32,362,303,37
BDKBJLID_00062,403,230,1028,830,284
BDKBJLID_00063,1030,568,6525,6680,866
BDKBJLID_00064,492,250,2470,3181,371
BDKBJLID_00065,434,226,2539,3235,341
BDKBJLID_00066,422,277,2645,3362,310
BDKBJLID_00067,431,199,2807,2732,321
BDKBJLID_00068,510,222,2846,2898,336
BDKBJLID_00069,195,115,1190,1387,133
BDKBJLID_00070,387,275,2695,2708,270
BDKBJLID_00071,459,491,767,1359,425
BDKBJLID_00072,49,50,393,666,40
BDKBJLID_00073,289,255,2032,2369,228
BDKBJLID_00074,45,50,224,333,42
BDKBJLID_00075,46,19,205,133,21
BDKBJLID_00076,13,11,67,54,8
BDKBJLID_00077,95,66,900,1034,119
BDKBJLID_00078,29,15,186,221,13
BDKBJLID_00079,24,8,179,183,11
BDKBJLID_00080,155,159,1126,1129,136
BDKBJLID_00081,78,39,318,244,54
BDKBJLID_00082,111,90,705,832,117
BDKBJLID_00083,117,92,856,887,128
BDKBJLID_00084,26,16,117,112,14
BDKBJLID_00085,0,0,0,0,0
BDKBJLID_00086,1715,811,6997,7959,1181
BDKBJLID_00087,85,47,361,295,57
BDKBJLID_00088,235,112,1348,1300,163
BDKBJLID_00089,31,35,247,208,21
BDKBJLID_00090,77,28,197,273,34
BDKBJLID_00091,120,99,609,689,113
BDKBJLID_00092,778,747,3565,5244,712
BDKBJLID_00093,273,203,1999,2220,242
BDKBJLID_00094,358,335,2313,2646,347
BDKBJLID_00095,91,77,467,632,90
BDKBJLID_00096,234,212,1210,1566,188
BDKBJLID_00097,370,378,1079,1435,255
BDKBJLID_00098,577,647,2435,3384,610
BDKBJLID_00099,84,80,689,1028,116
BDKBJLID_00100,61,45,574,624,62
BDKBJLID_00101,188,202,1781,2297,270
BDKBJLID_00102,82,91,791,923,72
BDKBJLID_00103,23,42,370,380,35
BDKBJLID_00104,10,6,69,98,12
BDKBJLID_00105,1,0,7,5,0
BDKBJLID_00106,2,1,17,6,2
BDKBJLID_00107,1,3,17,18,0
BDKBJLID_00108,125,30,955,843,57
BDKBJLID_00109,81,15,590,488,33
BDKBJLID_00110,30,13,305,196,8
BDKBJLID_00111,50,30,433,317,16
BDKBJLID_00112,53,37,651,452,32
BDKBJLID_00113,168,94,1275,910,78
BDKBJLID_00114,2,0,14,9,0
BDKBJLID_00115,8,11,341,249,6
BDKBJLID_00116,350,130,2593,1673,218
BDKBJLID_00117,484,203,4195,2775,221
BDKBJLID_00118,75,40,852,514,55
BDKBJLID_00119,10,4,67,114,5
BDKBJLID_00120,16,8,340,352,22
BDKBJLID_00121,219,115,1674,1307,128
BDKBJLID_00122,19,18,79,92,14
BDKBJLID_00123,96,95,1286,1401,101
BDKBJLID_00124,146,106,1666,1643,150
BDKBJLID_00125,40,36,429,304,27
BDKBJLID_00126,55,18,494,496,32
BDKBJLID_00127,92,44,692,473,55
BDKBJLID_00128,6,3,97,79,3
BDKBJLID_00129,30,17,290,180,19
BDKBJLID_00130,117,76,1231,1025,62
BDKBJLID_00131,46,17,205,179,14
BDKBJLID_00132,745,157,2015,1292,220
BDKBJLID_00133,377,107,2770,1512,78
BDKBJLID_00134,168,81,860,577,109
BDKBJLID_00135,606,304,4756,3547,276
BDKBJLID_00136,2651,1202,28494,33704,1360
BDKBJLID_00137,433,210,1136,794,246
BDKBJLID_00138,85,66,892,534,94
BDKBJLID_00139,1084,732,8034,7201,984
BDKBJLID_00141,17,13,131,178,10
BDKBJLID_00142,24,20,224,142,13
BDKBJLID_00143,126,67,1216,681,82
BDKBJLID_00144,16,12,168,123,26
BDKBJLID_00145,13,7,76,59,2
BDKBJLID_00146,112,59,735,669,92
BDKBJLID_00147,45,36,408,329,44
BDKBJLID_00148,178,163,3925,3759,215
BDKBJLID_00149,32542,14796,213666,165986,21641
BDKBJLID_00150,404,265,4668,4120,345
BDKBJLID_00151,65,33,371,275,37
BDKBJLID_00152,19,7,136,136,8
BDKBJLID_00153,124,81,1336,1040,78
BDKBJLID_00154,130,73,1095,749,83
BDKBJLID_00155,198,136,984,923,214
BDKBJLID_00156,220,121,1116,770,139
BDKBJLID_00157,94,39,489,488,60
BDKBJLID_00158,23,20,217,224,23
BDKBJLID_00159,244,110,1559,1203,169
BDKBJLID_00160,112,70,760,641,105
BDKBJLID_00161,420,318,3481,2837,381
BDKBJLID_00162,696,652,5082,4769,703
BDKBJLID_00163,0,1,7,25,1
BDKBJLID_00164,51,23,312,312,42
BDKBJLID_00165,32,25,194,171,21
BDKBJLID_00166,30,20,224,237,14
BDKBJLID_00167,90,70,715,675,69
BDKBJLID_00168,87,47,634,641,66
BDKBJLID_00169,357,195,2240,2392,294
BDKBJLID_00170,102,45,523,421,57
BDKBJLID_00171,173,116,1131,954,129
BDKBJLID_00172,151,168,703,701,132
BDKBJLID_00173,54,33,299,382,35
BDKBJLID_00174,301,192,2068,1520,241
BDKBJLID_00175,170,79,915,715,93
BDKBJLID_00176,176,104,1674,1256,97
BDKBJLID_00177,292,173,2452,2296,246
BDKBJLID_00178,82,76,1334,1207,102
BDKBJLID_00179,421,342,4283,3607,323
BDKBJLID_00180,53,36,988,1463,45
BDKBJLID_00181,76,56,459,479,50
BDKBJLID_00182,518,265,2406,2299,410
BDKBJLID_00183,148,82,674,642,124
BDKBJLID_00184,220,156,1198,1151,183
BDKBJLID_00185,91,71,822,742,76
BDKBJLID_00186,774,596,7210,6845,755
BDKBJLID_00187,284,186,2026,1805,268
BDKBJLID_00188,204,124,1728,1630,150
BDKBJLID_00189,115,72,791,677,97
BDKBJLID_00190,228,215,2993,4352,205
BDKBJLID_00191,583,313,4283,3946,538
BDKBJLID_00192,132,77,1724,1236,112
BDKBJLID_00193,40,28,272,191,27
BDKBJLID_00194,794,506,4640,3206,659
BDKBJLID_00195,241,150,1689,2045,218
BDKBJLID_00196,0,0,0,7,0
BDKBJLID_00197,50,33,381,409,46
BDKBJLID_00198,171,118,1066,1274,153
BDKBJLID_00199,306,149,1608,1750,254
BDKBJLID_00200,3402,2193,30971,39756,3305
BDKBJLID_00201,1067,623,5189,5338,929
BDKBJLID_00202,307,173,2311,1771,257
BDKBJLID_00203,10,15,353,394,21
BDKBJLID_00204,53,29,502,415,48
BDKBJLID_00205,905,1047,10304,12192,1105
BDKBJLID_00206,471,364,3161,3727,489
BDKBJLID_00207,112,88,1356,1978,87
BDKBJLID_00208,1327,1254,10153,9529,1367
BDKBJLID_00209,537,350,4157,4327,438
BDKBJLID_00210,124,69,1045,984,82
BDKBJLID_00211,199,153,1640,1717,193
BDKBJLID_00212,225,143,1606,1614,178
BDKBJLID_00213,131,79,1230,1036,135
BDKBJLID_00214,137,108,1256,1287,132
BDKBJLID_00215,875,717,7603,8447,862
BDKBJLID_00216,164,109,1667,2480,146
BDKBJLID_00217,124,69,618,639,116
BDKBJLID_00218,173,130,1140,1337,195
BDKBJLID_00219,19,14,161,183,22
BDKBJLID_00220,1,2,18,13,2
BDKBJLID_00221,79,75,563,475,89
BDKBJLID_00222,186,110,1153,989,139
BDKBJLID_00223,306,133,1239,1157,250
BDKBJLID_00224,78,54,529,516,68
BDKBJLID_00225,91,82,810,964,92
BDKBJLID_00226,30,24,220,238,43
BDKBJLID_00227,57,38,357,246,53
BDKBJLID_00228,132,72,809,845,124
BDKBJLID_00229,34,29,203,329,29
BDKBJLID_00230,249,250,1419,1481,304
BDKBJLID_00231,163,103,667,797,120
BDKBJLID_00232,111,101,447,556,94
BDKBJLID_00233,147,128,541,719,174
BDKBJLID_00234,3341,1901,11279,12073,2851
BDKBJLID_00235,247,99,796,1340,155
BDKBJLID_00236,2712,1409,9007,9806,2034
BDKBJLID_00237,2227,953,7230,7018,1634
BDKBJLID_00238,2382,1354,10573,12413,1995
BDKBJLID_00239,9348,4715,39147,34253,8261
BDKBJLID_00240,319,117,1754,1315,237
BDKBJLID_00241,178,106,1054,934,161
BDKBJLID_00242,122,95,854,943,104
BDKBJLID_00243,166,123,1214,1245,166
BDKBJLID_00244,1167,804,7794,8695,1199
BDKBJLID_00245,656,447,4011,4777,580
BDKBJLID_00246,274,213,1978,2840,238
BDKBJLID_00247,79,50,773,768,91
BDKBJLID_00248,133,82,799,1027,111
BDKBJLID_00249,216,158,1727,1827,225
BDKBJLID_00250,140,94,1231,1443,133
BDKBJLID_00251,379,300,3189,3184,340
BDKBJLID_00252,921,587,7216,7077,848
BDKBJLID_00253,89,110,894,766,127
BDKBJLID_00254,198,143,1758,1644,189
BDKBJLID_00255,7,6,112,150,9
BDKBJLID_00256,241,197,2005,2922,225
BDKBJLID_00257,1063,676,8774,8368,886
BDKBJLID_00258,147,108,1243,1647,134
BDKBJLID_00259,320,191,1984,2256,282
BDKBJLID_00260,489,300,3565,3946,402
BDKBJLID_00261,146,99,1006,1094,120
BDKBJLID_00262,99,70,1080,1123,97
BDKBJLID_00263,44,27,462,612,47
BDKBJLID_00264,293,235,2508,3756,301
BDKBJLID_00265,33,27,451,558,29
BDKBJLID_00266,7628,6043,43594,45451,7271
BDKBJLID_00267,2560,1463,12999,11531,1695
BDKBJLID_00268,1098,755,5927,5729,985
BDKBJLID_00269,5319,3320,18965,17780,4443
BDKBJLID_00270,1,4,28,49,3
BDKBJLID_00271,114,66,561,580,101
BDKBJLID_00272,116,59,1062,1141,98
BDKBJLID_00273,256,129,2092,1611,216
BDKBJLID_00274,305,166,2503,2462,272
BDKBJLID_00275,638,485,5418,6846,555
BDKBJLID_00276,469,282,2531,2610,399
BDKBJLID_00277,477,225,3128,2714,327
BDKBJLID_00278,18,6,120,203,10
BDKBJLID_00279,701,455,7036,7528,543
BDKBJLID_00280,1541,947,13962,13384,1285
BDKBJLID_00281,160,140,998,1186,175
BDKBJLID_00282,33,16,372,386,35
BDKBJLID_00283,520,299,4642,5405,451
BDKBJLID_00284,656,380,4484,4260,534
BDKBJLID_00285,395,328,4138,3902,428
BDKBJLID_00286,874,698,8226,10254,878
BDKBJLID_00287,2847,1614,14915,12021,2309
BDKBJLID_00288,269,215,2351,2021,272
BDKBJLID_00289,229,159,2194,1949,208
BDKBJLID_00290,559,347,4619,3632,489
BDKBJLID_00291,1080,957,23483,30332,1104
BDKBJLID_00292,100,55,961,901,95
BDKBJLID_00293,262,161,2251,2492,194
BDKBJLID_00294,172,97,996,1070,139
BDKBJLID_00295,4379,3167,35716,33587,3826
BDKBJLID_00296,119,77,1298,1254,123
BDKBJLID_00297,79,33,515,448,72
BDKBJLID_00298,72,42,451,424,52
BDKBJLID_00300,28,27,156,139,24
BDKBJLID_00301,19,6,72,48,19
BDKBJLID_00302,45,55,749,549,65
BDKBJLID_00303,59,44,548,487,50
BDKBJLID_00304,462,286,2349,1707,371
BDKBJLID_00305,385,259,4246,5195,301
BDKBJLID_00306,906,340,4467,3222,490
BDKBJLID_00307,308,208,4117,3039,254
BDKBJLID_00308,0,0,11,22,0
BDKBJLID_00309,37,33,573,440,37
BDKBJLID_00310,10,5,75,96,9
BDKBJLID_00311,71,64,800,617,59
BDKBJLID_00312,111,78,1109,841,115
BDKBJLID_00313,95,64,1225,1293,72
BDKBJLID_00314,286,232,2488,2149,241
BDKBJLID_00316,162,78,975,1039,113
BDKBJLID_00317,8,1,71,64,9
BDKBJLID_00318,2,0,7,12,2
BDKBJLID_00319,29,16,289,318,16
BDKBJLID_00320,32,17,164,159,14
BDKBJLID_00321,82,45,984,1017,73
BDKBJLID_00322,40,32,378,365,32
BDKBJLID_00323,26,11,68,101,14
BDKBJLID_00324,12,7,110,75,5
BDKBJLID_00325,27,7,192,166,17
BDKBJLID_00326,16,9,62,86,8
BDKBJLID_00327,3,7,77,96,8
BDKBJLID_00328,8,4,28,56,6
BDKBJLID_00329,14,10,84,80,6
BDKBJLID_00330,2,0,5,17,1
BDKBJLID_00331,51,26,228,197,33
BDKBJLID_00332,0,0,10,7,1
BDKBJLID_00333,99,61,997,1342,89
BDKBJLID_00334,24,13,445,451,5
BDKBJLID_00335,43,30,2636,2751,42
BDKBJLID_00336,12,13,925,1050,13
BDKBJLID_00337,20,12,1447,1393,18
BDKBJLID_00338,0,0,109,137,1
BDKBJLID_00339,809,675,7126,7606,838
BDKBJLID_00340,20,16,109,144,7
BDKBJLID_00341,41,19,292,262,19
BDKBJLID_00342,39,14,337,260,24
BDKBJLID_00343,65,42,540,650,44
BDKBJLID_00344,383,210,2115,2252,304
BDKBJLID_00345,1730,1347,10064,13211,1598
BDKBJLID_00346,14,6,66,61,8
BDKBJLID_00347,32,21,205,129,30
BDKBJLID_00348,153,75,731,502,74
BDKBJLID_00349,26,19,329,354,31
BDKBJLID_00350,10,3,24,70,5
BDKBJLID_00351,321,233,2558,2481,330
BDKBJLID_00352,111,57,1275,1028,71
BDKBJLID_00353,25,20,237,389,23
BDKBJLID_00354,35,19,550,789,31
BDKBJLID_00355,135,64,1480,1761,91
BDKBJLID_00356,1483,1107,13705,11684,1258
BDKBJLID_00357,76,79,557,523,87
BDKBJLID_00358,107,94,916,905,92
BDKBJLID_00359,6,4,50,73,11
BDKBJLID_00360,3,3,32,42,3
BDKBJLID_00361,13,5,53,48,6
BDKBJLID_00362,26,22,404,491,25
BDKBJLID_00363,52,31,277,376,33
BDKBJLID_00364,48,33,350,369,38
BDKBJLID_00365,71,32,567,510,23
BDKBJLID_00366,143,76,1126,917,97
BDKBJLID_00367,222,94,1708,1420,150
BDKBJLID_00368,186,71,1366,1233,88
BDKBJLID_00369,236,88,1290,1152,105
BDKBJLID_00370,346,72,1471,1058,86
BDKBJLID_00371,141,38,662,534,48
BDKBJLID_00372,94,25,347,329,28
BDKBJLID_00373,135,100,1600,1356,122
BDKBJLID_00374,160,111,1278,1004,133
BDKBJLID_00375,292,218,2623,2411,320
BDKBJLID_00376,49,31,528,550,46
BDKBJLID_00378,585,319,4295,4184,433
BDKBJLID_00379,281,104,1995,1750,173
BDKBJLID_00380,988,688,7639,6024,822
BDKBJLID_00381,269,210,1591,1425,274
BDKBJLID_00382,139,140,1800,1957,162
BDKBJLID_00383,292,192,2312,1846,248
BDKBJLID_00384,70,46,877,883,54
BDKBJLID_00385,395,131,3787,2865,234
BDKBJLID_00386,156,102,1431,1087,93
BDKBJLID_00387,22,13,111,144,13
BDKBJLID_00388,19,19,183,178,28
BDKBJLID_00389,0,5,38,58,6
BDKBJLID_00390,5,4,64,52,14
BDKBJLID_00391,21,19,179,209,21
BDKBJLID_00392,4,2,39,15,4
BDKBJLID_00393,6,3,97,99,6
BDKBJLID_00394,375,225,2288,1999,311
BDKBJLID_00395,17534,10437,126965,84343,15144
BDKBJLID_00396,375,300,2481,2829,389
BDKBJLID_00397,11,7,304,223,5
BDKBJLID_00398,420,239,3123,3100,363
BDKBJLID_00399,85,54,559,618,68
BDKBJLID_00400,130,120,1634,1534,140
BDKBJLID_00401,647,497,5823,6638,647
BDKBJLID_00402,472,289,4351,3045,341
BDKBJLID_00403,78,65,749,813,61
BDKBJLID_00404,257,171,2925,2237,235
BDKBJLID_00405,243,175,2557,2189,182
BDKBJLID_00406,617,320,6087,5633,555
BDKBJLID_00407,381,204,3192,2768,242
BDKBJLID_00408,520,299,3818,3452,398
BDKBJLID_00409,358,205,2893,2882,319
BDKBJLID_00410,203,162,2087,2164,228
BDKBJLID_00411,58,45,566,418,45
BDKBJLID_00412,83,53,419,424,78
BDKBJLID_00413,205,92,1594,2313,83
BDKBJLID_00414,97,76,983,889,84
BDKBJLID_00415,104,135,1318,1588,140
BDKBJLID_00416,45,35,378,520,57
BDKBJLID_00417,37,30,326,314,39
BDKBJLID_00418,40,35,448,390,47
BDKBJLID_00419,127,72,867,839,123
BDKBJLID_00420,277,191,2760,2274,243
BDKBJLID_00421,277,237,1774,1698,285
BDKBJLID_00422,603,397,3229,2420,615
BDKBJLID_00423,1243,741,6396,5323,1209
BDKBJLID_00424,252,199,1469,1074,217
BDKBJLID_00425,1425,1746,19886,30942,1814
BDKBJLID_00426,137,77,1000,928,146
BDKBJLID_00427,120,73,751,728,83
BDKBJLID_00428,432,303,3198,2619,422
BDKBJLID_00429,580,292,3848,2988,379
BDKBJLID_00430,171,107,1171,913,135
BDKBJLID_00431,31,20,220,194,33
BDKBJLID_00432,122,110,853,786,87
BDKBJLID_00433,126,97,863,695,66
BDKBJLID_00434,788,543,3962,3852,851
BDKBJLID_00435,377,190,1519,1199,262
BDKBJLID_00436,22,21,125,128,19
BDKBJLID_00437,65,40,632,416,69
BDKBJLID_00438,224,171,1517,1208,221
BDKBJLID_00439,167,99,1098,952,105
BDKBJLID_00440,205,139,2075,1901,184
BDKBJLID_00441,158,139,1653,2092,153
BDKBJLID_00442,37,24,304,227,25
BDKBJLID_00443,88,56,586,537,78
BDKBJLID_00444,3217,2486,16155,18696,2934
BDKBJLID_00445,42,31,313,279,47
BDKBJLID_00446,119,88,572,576,118
BDKBJLID_00447,219,156,1831,1648,190
BDKBJLID_00448,564,257,3279,2845,325
BDKBJLID_00449,223,145,1165,1057,158
BDKBJLID_00450,165,71,598,477,94
BDKBJLID_00451,836,341,3732,3114,561
BDKBJLID_00452,854,272,2315,1605,483
BDKBJLID_00454,194,165,1338,1295,213
BDKBJLID_00455,405,268,2603,2411,336
BDKBJLID_00456,298,126,1581,1259,201
BDKBJLID_00457,165,102,1251,1075,142
BDKBJLID_00458,181,163,1417,1261,193
BDKBJLID_00459,1140,975,8563,6885,1176
BDKBJLID_00460,403,316,3570,4955,387
BDKBJLID_00461,862,746,5403,6259,934
BDKBJLID_00462,176,146,1483,1551,152
BDKBJLID_00463,233,162,1615,1294,165
BDKBJLID_00464,240,191,1938,1592,236
BDKBJLID_00465,92,85,707,928,65
BDKBJLID_00466,1371,1072,8575,8348,1230
BDKBJLID_00467,818,478,4315,4393,629
BDKBJLID_00468,1215,573,5489,4612,957
BDKBJLID_00469,574,415,3809,3946,487
BDKBJLID_00470,447,337,3055,2811,357
BDKBJLID_00471,236,202,2076,2315,210
BDKBJLID_00472,583,535,8045,10377,653
BDKBJLID_00473,417,277,2472,2740,339
BDKBJLID_00474,351,228,1914,1610,245
BDKBJLID_00475,126,85,811,735,107
BDKBJLID_00476,92,61,931,1103,61
BDKBJLID_00477,18,17,211,216,15
BDKBJLID_00478,179,126,923,1307,159
BDKBJLID_00479,250,195,1619,1810,224
BDKBJLID_00480,83,71,656,670,67
BDKBJLID_00481,273,164,1710,1683,195
BDKBJLID_00482,314,197,2184,1529,257
BDKBJLID_00483,66,44,500,412,42
BDKBJLID_00484,265,199,1567,1621,231
BDKBJLID_00485,363,157,2153,1652,284
BDKBJLID_00486,385,234,2413,1867,302
BDKBJLID_00487,86,31,380,423,56
BDKBJLID_00488,214,151,1321,1182,178
BDKBJLID_00489,196,153,1658,1271,147
BDKBJLID_00490,353,197,2996,2382,283
BDKBJLID_00491,153,82,1454,1059,118
BDKBJLID_00492,55,29,644,418,49
BDKBJLID_00493,148,115,1275,933,121
BDKBJLID_00494,386,237,2842,2426,270
BDKBJLID_00495,227,151,1256,1192,207
BDKBJLID_00496,82,60,1094,1297,64
BDKBJLID_00498,141,97,913,820,117
BDKBJLID_00499,102,69,752,805,111
BDKBJLID_00500,410,165,2460,1727,273
BDKBJLID_00501,291,146,1833,1411,214
BDKBJLID_00502,486,218,2799,2115,371
BDKBJLID_00503,152,91,1542,870,141
BDKBJLID_00504,40,31,369,317,34
BDKBJLID_00506,325,193,2986,2745,305
BDKBJLID_00507,341,265,3067,3602,322
BDKBJLID_00508,1102,750,7330,8985,963
BDKBJLID_00509,42,31,221,333,37
BDKBJLID_00510,41,37,451,429,51
BDKBJLID_00511,9,20,200,197,21
BDKBJLID_00512,23,38,264,411,28
BDKBJLID_00513,28,33,54,82,22
BDKBJLID_00514,20,16,127,106,19
BDKBJLID_00515,20,16,66,107,13
BDKBJLID_00516,0,0,0,0,0
BDKBJLID_00517,5,2,50,53,8
BDKBJLID_00518,37,40,169,149,29
BDKBJLID_00519,36,27,609,463,24
BDKBJLID_00520,0,0,0,0,0
BDKBJLID_00521,30,29,256,277,24
BDKBJLID_00522,8,4,74,75,11
BDKBJLID_00523,13,8,147,127,12
BDKBJLID_00524,0,2,6,12,1
BDKBJLID_00525,286,190,2511,3241,234
BDKBJLID_00526,72,91,541,755,95
BDKBJLID_00527,129,150,894,1313,159
BDKBJLID_00528,133,92,1052,1160,132
BDKBJLID_00529,384,347,2157,2911,331
BDKBJLID_00530,182,118,1426,1373,151
BDKBJLID_00531,15,22,136,121,13
BDKBJLID_00532,174,108,998,849,162
BDKBJLID_00533,143,89,771,701,119
BDKBJLID_00534,74,40,418,442,75
BDKBJLID_00535,106,54,539,677,75
BDKBJLID_00536,429,214,2666,2026,314
BDKBJLID_00537,229,128,1359,1349,189
BDKBJLID_00538,67,43,437,315,47
BDKBJLID_00539,455,346,2678,2099,385
BDKBJLID_00540,24,27,221,267,29
BDKBJLID_00541,964,841,6540,6417,947
BDKBJLID_00542,199,183,1427,1588,234
BDKBJLID_00543,1716,812,11405,8882,1322
BDKBJLID_00544,62,46,651,632,74
BDKBJLID_00545,57,45,423,376,50
BDKBJLID_00546,154,105,994,905,128
BDKBJLID_00547,45,36,358,356,32
BDKBJLID_00548,113,77,767,777,124
BDKBJLID_00549,211,179,1746,1622,237
BDKBJLID_00550,841,631,5856,5124,790
BDKBJLID_00551,3191,8561,341544,550432,8083
BDKBJLID_00552,51,34,354,541,38
BDKBJLID_00553,1460,909,4307,4855,1242
BDKBJLID_00554,134,121,832,881,117
BDKBJLID_00555,348,279,2395,2092,360
BDKBJLID_00559,377,398,2681,2845,412
BDKBJLID_00560,840,646,3980,4493,854
BDKBJLID_00562,1991,1646,12230,15269,2046
BDKBJLID_00563,31,25,208,394,32
BDKBJLID_00564,1644,1267,9036,9544,1584
BDKBJLID_00565,899,739,5642,5701,953
BDKBJLID_00566,308,244,2201,3051,278
BDKBJLID_00567,2637,2221,16963,16292,2409
BDKBJLID_00568,60,50,443,588,70
BDKBJLID_00569,115,84,426,526,106
BDKBJLID_00570,118,100,763,1036,114
BDKBJLID_00571,162,122,767,918,139
BDKBJLID_00572,78,75,612,875,82
BDKBJLID_00573,87,79,597,696,78
BDKBJLID_00574,234,182,1456,1714,237
BDKBJLID_00575,372,258,1978,1869,348
BDKBJLID_00576,151,167,1071,1226,157
BDKBJLID_00577,264,214,987,1092,196
BDKBJLID_00578,177,123,658,811,168
BDKBJLID_00579,388,274,1993,1887,340
BDKBJLID_00580,146,127,504,1052,138
BDKBJLID_00581,1503,970,7700,7788,1262
BDKBJLID_00582,24492,17431,67379,80648,18688
BDKBJLID_00583,253,190,2821,2270,239
BDKBJLID_00584,368,331,5064,4319,435
BDKBJLID_00585,139,102,2390,2361,148
BDKBJLID_00586,419,202,2911,2426,369
BDKBJLID_00587,11,6,140,218,14
BDKBJLID_00588,236,108,1246,1211,164
BDKBJLID_00589,372,242,2674,2126,349
BDKBJLID_00590,316,209,2274,1795,297
BDKBJLID_00591,241,273,2600,2970,323
BDKBJLID_00592,155,130,1198,1168,136
BDKBJLID_00593,140,177,905,1079,225
BDKBJLID_00594,106,144,964,933,170
BDKBJLID_00595,2,1,41,66,3
BDKBJLID_00596,619,804,4471,4287,933
BDKBJLID_00597,7,6,54,58,8
BDKBJLID_00598,13,24,108,130,21
BDKBJLID_00599,27,41,241,286,75
BDKBJLID_00600,106,80,1005,896,105
BDKBJLID_00601,891,697,7586,6931,762
BDKBJLID_00602,268,222,2809,2518,253
BDKBJLID_00603,954,580,6894,5664,830
BDKBJLID_00604,191,123,1348,1123,150
BDKBJLID_00605,15,9,130,134,12
BDKBJLID_00606,29,23,280,205,26
BDKBJLID_00607,30,24,355,395,17
BDKBJLID_00608,101,90,1874,1608,112
BDKBJLID_00609,321,159,1274,1210,219
BDKBJLID_00610,374,201,1925,2110,226
BDKBJLID_00612,135,118,1274,1262,146
BDKBJLID_00613,21,24,164,226,21
BDKBJLID_00614,12,5,82,148,10
BDKBJLID_00615,14,9,301,245,8
BDKBJLID_00616,29,20,940,954,30
BDKBJLID_00617,51,32,1238,1657,51
BDKBJLID_00618,53,33,820,783,48
BDKBJLID_00619,51,45,273,330,50
BDKBJLID_00620,13,15,138,162,13
BDKBJLID_00621,161,109,948,954,117
BDKBJLID_00622,45,35,254,275,42
BDKBJLID_00623,118,63,748,847,106
BDKBJLID_00624,404,221,1975,1768,282
BDKBJLID_00625,107,49,785,812,68
BDKBJLID_00626,150,109,885,919,134
BDKBJLID_00627,100,92,589,652,96
BDKBJLID_00628,163,145,1324,1628,147
BDKBJLID_00629,392,291,2009,1856,334
BDKBJLID_00630,437,340,6330,4873,485
BDKBJLID_00631,433,353,5577,5786,325
BDKBJLID_00632,30,16,230,215,33
BDKBJLID_00633,7,14,1084,1134,25
BDKBJLID_00634,28,24,1368,1360,34
BDKBJLID_00635,31,23,1619,1547,30
BDKBJLID_00636,26,13,1518,1541,16
BDKBJLID_00637,50,56,2970,2947,53
BDKBJLID_00638,12,12,880,917,12
BDKBJLID_00639,6,7,294,393,4
BDKBJLID_00640,9,5,488,443,9
BDKBJLID_00641,85,76,3717,4132,85
BDKBJLID_00642,304,250,15157,15927,302
BDKBJLID_00643,39,28,772,849,28
BDKBJLID_00644,7,4,91,145,1
BDKBJLID_00645,160,151,3052,3003,169
BDKBJLID_00646,97,96,4273,4367,125
BDKBJLID_00647,22,21,623,747,27
BDKBJLID_00648,71,62,1481,2038,67
BDKBJLID_00649,46,40,2274,2338,59
BDKBJLID_00650,2,8,288,356,6
BDKBJLID_00651,28,29,1063,1211,46
BDKBJLID_00652,9,11,457,455,13
BDKBJLID_00653,7,9,508,515,8
BDKBJLID_00654,14,19,719,685,23
BDKBJLID_00655,1,3,177,172,6
BDKBJLID_00656,5,7,406,538,3
BDKBJLID_00657,260,173,1780,2162,216
BDKBJLID_00658,146,91,829,958,100
BDKBJLID_00659,196,123,1735,1265,152
BDKBJLID_00660,106,88,937,1244,102
BDKBJLID_00661,462,297,3738,4169,425
BDKBJLID_00662,574,447,3833,4111,572
BDKBJLID_00663,570,375,3466,3611,524
BDKBJLID_00664,261,206,1662,1790,246
BDKBJLID_00665,319,244,2511,3087,355
BDKBJLID_00666,318,265,1957,1901,321
BDKBJLID_00667,1124,700,6455,6331,982
BDKBJLID_00668,263,214,3146,4116,266
BDKBJLID_00669,1484,1459,8031,10770,1600
BDKBJLID_00670,161,164,1340,1462,173
BDKBJLID_00671,107,93,1217,1584,130
BDKBJLID_00672,520,406,4428,4861,485
BDKBJLID_00673,258,188,2343,2433,300
BDKBJLID_00674,497,399,5817,5191,517
BDKBJLID_00675,99,49,567,656,87
BDKBJLID_00676,580,359,3544,3707,469
BDKBJLID_00677,200,159,1754,2048,200
BDKBJLID_00678,208,156,1657,1953,178
BDKBJLID_00679,44,47,553,546,55
BDKBJLID_00680,286,150,2322,1729,218
BDKBJLID_00681,682,484,5685,5839,631
BDKBJLID_00682,86,100,804,962,93
BDKBJLID_00683,215,165,1447,1498,198
BDKBJLID_00684,163,146,1289,1652,162
BDKBJLID_00685,218,217,1723,1696,197
BDKBJLID_00686,282,286,1903,2279,322
BDKBJLID_00687,70,52,1142,1408,65
BDKBJLID_00688,624,504,3497,4061,650
BDKBJLID_00689,1801,1017,8407,8904,1397
BDKBJLID_00690,3185,2138,18344,17693,2869
BDKBJLID_00691,152,129,920,1242,146
BDKBJLID_00692,107,101,851,920,123
BDKBJLID_00693,69,60,439,530,69
BDKBJLID_00694,305,268,2510,3549,311
BDKBJLID_00695,319,207,1380,1598,306
BDKBJLID_00696,326,245,1895,2118,301
BDKBJLID_00697,687,454,3116,3670,536
BDKBJLID_00698,1549,1119,8093,8445,1425
BDKBJLID_00699,224,189,1040,1243,212
BDKBJLID_00700,224,164,880,1100,187
BDKBJLID_00701,704,437,4423,6368,632
BDKBJLID_00702,755,429,3698,4507,493
BDKBJLID_00703,6552,3808,34307,37560,5278
BDKBJLID_00704,2026,1375,14238,12824,1848
BDKBJLID_00705,242,193,2195,1962,245
BDKBJLID_00706,59,75,649,870,51
BDKBJLID_00707,377,324,2698,3160,396
BDKBJLID_00708,728,553,5464,5419,691
BDKBJLID_00709,243,215,1651,1911,291
BDKBJLID_00710,565,491,3990,4864,581
BDKBJLID_00711,185,155,938,1255,159
BDKBJLID_00712,358,353,2689,3430,376
BDKBJLID_00713,1426,1167,6569,7205,1250
BDKBJLID_00714,424,341,3463,4171,390
BDKBJLID_00715,104,91,1306,1220,94
BDKBJLID_00716,400,363,4522,4505,474
BDKBJLID_00717,503,423,5233,5509,551
BDKBJLID_00718,38,40,230,260,49
BDKBJLID_00719,11,12,187,224,3
BDKBJLID_00720,221,231,1335,1755,258
BDKBJLID_00721,817,637,6773,7014,843
BDKBJLID_00722,545,428,3254,4171,489
BDKBJLID_00723,133,73,953,1225,103
BDKBJLID_00724,600,324,3353,3345,409
BDKBJLID_00725,706,479,4134,4764,558
BDKBJLID_00726,327,162,1709,1989,218
BDKBJLID_00727,440,243,1749,2302,276
BDKBJLID_00728,851,505,6445,7195,656
BDKBJLID_00729,1131,660,6209,8127,717
BDKBJLID_00730,883,461,4115,5816,436
BDKBJLID_00731,805,533,3539,4139,630
BDKBJLID_00732,741,316,2811,3017,486
BDKBJLID_00733,221,145,1092,1174,185
BDKBJLID_00734,414,306,1827,2688,357
BDKBJLID_00735,128,83,652,766,99
BDKBJLID_00736,689,424,3100,3416,545
BDKBJLID_00737,419,247,1979,2233,325
BDKBJLID_00738,79,61,742,737,73
BDKBJLID_00739,228,192,1941,2217,215
BDKBJLID_00740,714,473,6474,5778,640
BDKBJLID_00741,557,471,3678,3369,544
BDKBJLID_00742,71,71,741,913,94
BDKBJLID_00743,75,59,606,795,74
BDKBJLID_00744,177,167,1188,1373,162
BDKBJLID_00746,4439,4178,39714,54112,4705
BDKBJLID_00747,284,250,2133,2687,254
BDKBJLID_00748,1653,1047,12823,12910,1568
BDKBJLID_00749,67,50,785,1105,68
BDKBJLID_00750,303,316,2553,2958,342
BDKBJLID_00751,580,501,6064,6435,644
BDKBJLID_00752,364,325,3415,3901,379
BDKBJLID_00753,477,274,3439,3178,416
BDKBJLID_00754,177,131,845,1049,162
BDKBJLID_00755,889,439,3850,4067,721
BDKBJLID_00756,2725,1942,18730,24852,2442
BDKBJLID_00757,666,418,4695,6694,553
BDKBJLID_00758,60,43,596,986,48
BDKBJLID_00759,3469,1938,18723,23988,2638
BDKBJLID_00760,5063,2212,30135,30662,4086
BDKBJLID_00761,9253,3942,61422,56728,7619
BDKBJLID_00762,887,540,3697,3450,686
BDKBJLID_00763,1098,818,8264,10077,1113
BDKBJLID_00764,3006,1688,16485,19728,2389
BDKBJLID_00765,3732,1527,19541,18316,2834
BDKBJLID_00766,4303,1975,26535,20354,3475
BDKBJLID_00767,698,405,4796,5244,549
BDKBJLID_00768,527,361,2871,3862,443
BDKBJLID_00769,612,344,4941,4842,570
BDKBJLID_00770,226,151,1415,1781,179
BDKBJLID_00771,107,79,843,768,110
BDKBJLID_00772,623,400,3932,4512,524
BDKBJLID_00773,383,234,1792,2005,309
BDKBJLID_00774,135,92,822,718,128
BDKBJLID_00775,698,654,3989,4313,753
BDKBJLID_00776,98,70,734,767,88
BDKBJLID_00777,227,136,1848,1820,198
BDKBJLID_00778,68,49,342,391,60
BDKBJLID_00779,324,253,2073,2592,285
BDKBJLID_00780,121,80,2939,2647,99
BDKBJLID_00781,330,265,3730,4866,319
BDKBJLID_00782,90,57,521,496,75
BDKBJLID_00784,1102,668,5722,6175,874
BDKBJLID_00785,169,197,3333,4531,259
BDKBJLID_00786,1110,789,11383,11380,1129
BDKBJLID_00787,193,163,1957,2015,192
BDKBJLID_00788,521,292,2980,3061,379
BDKBJLID_00789,1049,818,7394,7657,909
BDKBJLID_00790,146,148,1689,2119,179
BDKBJLID_00791,55,32,367,264,42
BDKBJLID_00792,186,148,980,971,179
BDKBJLID_00793,359,330,2556,2393,281
BDKBJLID_00794,643,361,4554,4725,562
BDKBJLID_00795,72,58,606,828,74
BDKBJLID_00796,616,501,7597,7304,588
BDKBJLID_00797,265,204,2589,3131,251
BDKBJLID_00798,398,323,3227,4497,401
BDKBJLID_00799,513,420,4934,4278,553
BDKBJLID_00800,236,143,680,1149,184
BDKBJLID_00801,1670,1789,19939,32214,1998
BDKBJLID_00802,1739,1128,5870,6125,1471
BDKBJLID_00803,349,306,2049,2655,329
BDKBJLID_00804,427,333,2001,2755,423
BDKBJLID_00805,63,43,315,369,52
BDKBJLID_00806,210,209,940,1620,226
BDKBJLID_00807,297,243,1439,1385,287
BDKBJLID_00808,33,20,277,385,37
BDKBJLID_00809,182,112,1553,1763,155
BDKBJLID_00810,80,63,993,976,80
BDKBJLID_00811,128,118,999,1294,135
BDKBJLID_00812,325,246,1335,1480,282
BDKBJLID_00813,1074,953,5378,5498,923
BDKBJLID_00814,194,164,1577,1335,158
BDKBJLID_00815,131,118,1214,1254,123
BDKBJLID_00816,90,68,536,597,82
BDKBJLID_00817,142,103,879,834,135
BDKBJLID_00818,543,373,4290,4145,500
BDKBJLID_00819,139,84,1447,1384,117
BDKBJLID_00820,78,58,703,790,96
BDKBJLID_00821,359,211,2456,2582,296
BDKBJLID_00822,144,62,889,789,85
BDKBJLID_00823,145,84,1172,1190,143
BDKBJLID_00824,201,135,2507,2966,213
BDKBJLID_00825,132,101,1336,1514,108
BDKBJLID_00826,156,115,1298,1227,140
BDKBJLID_00827,86,62,566,555,99
BDKBJLID_00828,357,205,2101,2061,311
BDKBJLID_00829,26,37,367,313,40
BDKBJLID_00830,37,30,356,335,42
BDKBJLID_00831,190,110,1174,1035,170
BDKBJLID_00832,86,39,588,653,72
BDKBJLID_00833,607,352,3453,3082,487
BDKBJLID_00834,498,251,3231,3116,447
BDKBJLID_00835,49,23,308,330,36
BDKBJLID_00836,113,42,332,385,52
BDKBJLID_00837,98,45,409,453,75
BDKBJLID_00838,242,138,1292,1174,172
BDKBJLID_00839,88,77,735,637,111
BDKBJLID_00840,2314,1396,15566,11254,2010
BDKBJLID_00841,58,34,295,336,44
BDKBJLID_00842,7,2,39,64,5
BDKBJLID_00843,365,321,3107,3250,318
BDKBJLID_00844,426,283,3126,2777,368
BDKBJLID_00845,508,285,2849,2430,388
BDKBJLID_00846,655,455,5311,4806,596
BDKBJLID_00847,505,393,5631,5975,519
BDKBJLID_00848,184,181,2959,4226,194
BDKBJLID_00849,802,620,12623,14258,796
BDKBJLID_00850,3296,2507,46911,50049,3204
BDKBJLID_00851,471,389,4532,6285,493
BDKBJLID_00852,416,326,4899,5612,393
BDKBJLID_00853,1051,586,7191,7956,795
BDKBJLID_00854,551,278,3005,2612,345
BDKBJLID_00855,261,152,1591,1572,175
BDKBJLID_00856,85,59,757,616,87
BDKBJLID_00857,91,77,836,773,72
BDKBJLID_00858,1089,587,6459,5209,831
BDKBJLID_00859,1908,1775,15902,16993,2062
BDKBJLID_00862,211,119,1724,1728,190
BDKBJLID_00863,41,39,405,363,37
BDKBJLID_00864,162,132,1128,1117,143
BDKBJLID_00865,30,13,145,150,23
BDKBJLID_00866,0,0,0,0,0
BDKBJLID_00867,69,61,1016,1167,80
BDKBJLID_00868,67,57,517,387,63
BDKBJLID_00869,22,15,439,474,30
BDKBJLID_00870,60,39,426,487,44
BDKBJLID_00871,106,83,545,584,71
BDKBJLID_00872,76,57,918,791,57
BDKBJLID_00873,118,85,960,821,95
BDKBJLID_00874,83,76,1009,737,57
BDKBJLID_00875,510,251,3074,1994,258
BDKBJLID_00876,27,37,391,357,21
BDKBJLID_00877,250,186,1836,1877,216
BDKBJLID_00878,0,0,8,36,1
BDKBJLID_00879,51,50,608,693,40
BDKBJLID_00880,553,373,4499,4118,508
BDKBJLID_00881,212,156,2936,2634,181
BDKBJLID_00882,91,79,1358,991,58
BDKBJLID_00883,153,116,1140,762,161
BDKBJLID_00884,95,62,688,497,57
BDKBJLID_00885,889,617,10256,11390,747
BDKBJLID_00886,86,66,624,401,61
BDKBJLID_00887,73,46,485,425,68
BDKBJLID_00888,60,62,564,613,74
BDKBJLID_00889,51,28,417,365,50
BDKBJLID_00890,116,95,965,704,106
BDKBJLID_00891,219,187,1923,2034,189
BDKBJLID_00892,288,249,2141,2213,281
BDKBJLID_00893,235,138,1742,1556,199
BDKBJLID_00894,155,130,1414,1241,115
BDKBJLID_00895,481,305,2965,2480,423
BDKBJLID_00896,132,102,701,671,76
BDKBJLID_00897,28,21,239,348,36
BDKBJLID_00899,121,115,2026,2766,119
BDKBJLID_00900,280,282,2837,1922,354
BDKBJLID_00901,1247,1411,10633,13634,1504
BDKBJLID_00902,439,371,3381,3562,412
BDKBJLID_00903,924,641,8186,7446,951
BDKBJLID_00904,889,664,5997,6338,858
BDKBJLID_00905,378,377,2676,3083,390
BDKBJLID_00906,149,105,710,852,127
BDKBJLID_00907,174,125,1390,1334,166
BDKBJLID_00908,32,42,210,214,45
BDKBJLID_00909,44,44,412,438,50
BDKBJLID_00910,68,63,421,518,73
BDKBJLID_00911,153,123,956,1030,150
BDKBJLID_00912,179,144,697,699,159
BDKBJLID_00913,482,306,1726,1764,504
BDKBJLID_00914,49,42,155,164,31
BDKBJLID_00915,556,358,1212,1541,435
BDKBJLID_00916,378,235,1115,1511,316
BDKBJLID_00917,1022,612,3902,4066,871
BDKBJLID_00918,413,317,1529,2154,370
BDKBJLID_00919,1147,740,4662,5123,1098
BDKBJLID_00920,190,174,784,1342,197
BDKBJLID_00921,146,96,1366,1331,119
BDKBJLID_00922,260,165,1567,1514,212
BDKBJLID_00924,232,154,1020,708,159
BDKBJLID_00925,155,121,820,762,139
BDKBJLID_00926,100,91,1011,1085,157
BDKBJLID_00927,2044,1172,21644,28563,1106
BDKBJLID_00928,318,113,2893,2614,144
BDKBJLID_00929,910,419,4351,3825,651
BDKBJLID_00930,61,31,518,427,48
BDKBJLID_00931,18,5,60,42,17
BDKBJLID_00932,17,18,132,221,23
BDKBJLID_00933,30,40,430,463,27
BDKBJLID_00934,157,83,1463,1345,120
BDKBJLID_00935,826,430,7084,5136,713
BDKBJLID_00936,371,226,3303,2195,274
BDKBJLID_00937,138,89,1456,1186,115
BDKBJLID_00938,123,136,1453,1596,120
BDKBJLID_00939,86,76,843,700,82
BDKBJLID_00940,288,231,2931,3193,274
BDKBJLID_00941,1555,1282,10504,10016,1558
BDKBJLID_00942,458,369,2557,2879,442
BDKBJLID_00943,121,87,437,489,82
BDKBJLID_00944,172,141,1417,1533,151
BDKBJLID_00945,303,164,2120,1954,291
BDKBJLID_00946,290,165,2216,1937,254
BDKBJLID_00947,104,96,1166,896,129
BDKBJLID_00948,176,122,1791,1248,196
BDKBJLID_00949,108,74,1265,1039,101
BDKBJLID_00950,534,485,1653,1674,530
BDKBJLID_00951,209,173,2357,2504,264
BDKBJLID_00952,366,249,2406,2135,374
BDKBJLID_00953,751,597,5632,4875,751
BDKBJLID_00954,439,322,2047,2494,474
BDKBJLID_00955,463,359,2113,2017,518
BDKBJLID_00956,75,64,616,648,77
BDKBJLID_00957,150,111,669,684,102
BDKBJLID_00958,71,59,709,689,90
BDKBJLID_00959,453,402,2933,3155,555
BDKBJLID_00960,348,234,2037,1704,314
BDKBJLID_00961,8,14,95,113,23
BDKBJLID_00962,69,45,638,615,63
BDKBJLID_00963,41,16,225,267,40
BDKBJLID_00964,30,24,276,312,32
BDKBJLID_00965,32,31,277,345,34
BDKBJLID_00966,440,318,5482,5042,337
BDKBJLID_00967,858,760,8738,10178,912
BDKBJLID_00968,505,396,3863,3721,541
BDKBJLID_00969,67,35,586,658,72
BDKBJLID_00970,29,40,409,450,29
BDKBJLID_00971,111,84,568,577,111
BDKBJLID_00972,272,191,1354,1544,245
BDKBJLID_00973,611,415,3440,3965,555
BDKBJLID_00974,131,126,938,1084,131
BDKBJLID_00975,59,26,347,398,62
BDKBJLID_00976,553,255,2264,1692,418
BDKBJLID_00977,2038,1419,18357,19516,1955
BDKBJLID_00978,1750,892,15599,11439,1337
BDKBJLID_00979,500,342,4197,3927,428
BDKBJLID_00980,262,232,1801,1482,314
BDKBJLID_00981,327,233,2247,1832,283
BDKBJLID_00982,1,0,25,14,1
BDKBJLID_00983,76,52,648,625,71
BDKBJLID_00984,41,33,867,920,50
BDKBJLID_00985,28,12,282,227,28
BDKBJLID_00986,43,25,458,354,41
BDKBJLID_00988,198,168,2435,2329,192
BDKBJLID_00989,194,158,2004,2181,187
BDKBJLID_00990,122,102,1107,1436,142
BDKBJLID_00991,58,46,446,374,67
BDKBJLID_00992,615,452,2943,2485,543
BDKBJLID_00993,74,53,519,624,60
BDKBJLID_00994,288,207,2648,2356,267
BDKBJLID_00995,232,155,1616,1214,173
BDKBJLID_00996,253,197,1782,1432,233
BDKBJLID_00997,1,3,72,71,0
BDKBJLID_00998,1013,564,7482,7432,818
BDKBJLID_01000,368,285,3250,2802,401
BDKBJLID_01003,284,199,1656,1453,241
BDKBJLID_01004,123,106,920,1260,124
BDKBJLID_01005,90,26,402,320,68
BDKBJLID_01006,47,27,355,456,45
BDKBJLID_01007,0,2,6,20,2
BDKBJLID_01008,293,164,1300,1007,260
BDKBJLID_01012,100,77,848,925,103
BDKBJLID_01013,75,50,522,554,65
BDKBJLID_01014,21,25,278,257,32
BDKBJLID_01015,109,83,894,771,114
BDKBJLID_01016,402,268,2679,3022,354
BDKBJLID_01017,137,120,1073,1400,108
BDKBJLID_01018,48,48,437,564,63
BDKBJLID_01019,206,150,1724,1826,242
BDKBJLID_01020,347,303,2795,2369,309
BDKBJLID_01021,0,1,9,22,0
BDKBJLID_01022,116,86,1014,1139,109
BDKBJLID_01023,274,268,3329,3752,306
BDKBJLID_01024,216,159,1776,1617,207
BDKBJLID_01025,428,267,1984,1310,332
BDKBJLID_01026,115,75,737,638,113
BDKBJLID_01027,116,77,654,661,98
BDKBJLID_01028,167,117,830,911,173
BDKBJLID_01029,51,50,1028,1626,52
BDKBJLID_01030,362,235,3446,3516,351
BDKBJLID_01031,541,352,4820,4647,472
BDKBJLID_01032,98,63,607,729,91
BDKBJLID_01033,160,125,1466,1177,154
BDKBJLID_01034,256,279,1922,1962,285
BDKBJLID_01035,161,88,1343,1476,153
BDKBJLID_01036,397,171,5501,4849,302
BDKBJLID_01037,181,59,2332,1747,128
BDKBJLID_01038,12,6,738,682,11
BDKBJLID_01039,81,77,1586,1681,86
BDKBJLID_01040,645,518,6067,5016,607
BDKBJLID_01041,0,0,12,13,1
BDKBJLID_01042,11,8,117,128,8
BDKBJLID_01043,155,123,1469,1471,164
BDKBJLID_01044,131,85,1079,931,90
BDKBJLID_01045,132,90,1267,1389,135
BDKBJLID_01046,226,130,1739,1839,206
BDKBJLID_01047,348,252,3365,3823,324
BDKBJLID_01048,53,53,402,527,62
BDKBJLID_01049,16,11,89,130,14
BDKBJLID_01050,86,71,806,863,79
BDKBJLID_01051,54,41,481,510,45
BDKBJLID_01052,178,104,1231,1081,153
BDKBJLID_01053,402,278,1758,1633,369
BDKBJLID_01054,25,30,3052,2885,53
BDKBJLID_01055,10,6,794,781,9
BDKBJLID_01056,4,5,191,326,1
BDKBJLID_01057,40,33,1739,1477,19
BDKBJLID_01058,28,6,808,804,19
BDKBJLID_01059,12,5,470,395,9
BDKBJLID_01060,7,3,407,371,8
BDKBJLID_01061,36,39,2708,2551,65
BDKBJLID_01062,17,33,1406,1467,42
BDKBJLID_01063,8,9,421,542,9
BDKBJLID_01064,21,10,1476,1245,14
BDKBJLID_01065,9,15,573,726,12
BDKBJLID_01066,7,10,1050,1104,24
BDKBJLID_01067,26,20,1455,1165,28
BDKBJLID_01068,9,7,527,416,4
BDKBJLID_01069,62,59,2877,2278,54
BDKBJLID_01070,11,15,1615,1822,18
BDKBJLID_01071,1,2,346,278,6
BDKBJLID_01072,4,3,467,374,3
BDKBJLID_01073,5,6,313,222,8
BDKBJLID_01074,0,5,144,197,6
BDKBJLID_01075,2,6,267,231,7
BDKBJLID_01076,2,5,534,562,9
BDKBJLID_01077,15,9,1078,1165,7
BDKBJLID_01078,12,15,1685,1734,16
BDKBJLID_01079,13,8,1100,1087,8
BDKBJLID_01080,5,2,771,672,17
BDKBJLID_01081,6,13,516,546,10
BDKBJLID_01082,65,34,690,774,33
BDKBJLID_01083,175,92,2869,2975,119
BDKBJLID_01084,33,25,749,745,17
BDKBJLID_01085,176,71,1887,1619,86
BDKBJLID_01086,59,44,760,906,55
BDKBJLID_01087,28,24,686,755,20
BDKBJLID_01088,25,15,352,432,8
BDKBJLID_01089,70,40,393,310,42
BDKBJLID_01090,207,152,1323,1327,185
BDKBJLID_01091,93,54,919,824,73
BDKBJLID_01092,11,7,173,234,13
BDKBJLID_01093,59,37,572,383,31
BDKBJLID_01094,920,676,6890,6566,946
BDKBJLID_01095,91,36,280,251,48
BDKBJLID_01096,48,15,63,49,16
BDKBJLID_01097,118,31,85,78,36
BDKBJLID_01098,56,18,82,54,11
BDKBJLID_01099,941,491,5435,4269,624
BDKBJLID_01100,51,40,1158,1429,65
BDKBJLID_01101,14,12,123,102,4
BDKBJLID_01102,6,2,63,81,4
BDKBJLID_01103,86,43,591,498,79
BDKBJLID_01104,48,54,422,369,32
BDKBJLID_01105,4031,2371,23927,20559,2512
BDKBJLID_01106,185,99,954,850,129
BDKBJLID_01107,314,187,1797,1460,199
BDKBJLID_01108,156,99,862,684,116
BDKBJLID_01109,3,0,12,22,1
BDKBJLID_01110,71,30,274,192,37
BDKBJLID_01111,131,91,990,1088,118
BDKBJLID_01112,21,13,288,324,22
BDKBJLID_01113,47,36,446,379,20
BDKBJLID_01114,301,177,3342,2552,167
BDKBJLID_01115,416,275,3340,3355,305
BDKBJLID_01116,10,4,148,148,7
BDKBJLID_01117,102,64,1512,1285,80
BDKBJLID_01118,115,75,1299,1076,69
BDKBJLID_01119,55,37,622,411,32
BDKBJLID_01120,121,66,956,830,80
BDKBJLID_01121,101,63,688,663,52
BDKBJLID_01122,25,9,238,186,9
BDKBJLID_01123,31,18,257,214,20
BDKBJLID_01124,25,25,306,219,17
BDKBJLID_01125,69,41,823,623,50
BDKBJLID_01126,154,99,764,621,98
BDKBJLID_01127,1728,1782,11649,11208,1472
BDKBJLID_01128,672,265,1743,1390,423
BDKBJLID_01129,169,78,665,533,69
BDKBJLID_01130,188,67,370,396,86
BDKBJLID_01131,778,488,4905,4831,576
BDKBJLID_01132,182,109,1337,1559,131
BDKBJLID_01133,15,30,519,591,39
BDKBJLID_01134,80,60,691,700,66
BDKBJLID_01136,34255,19384,150128,175076,29486
BDKBJLID_01137,615,265,1288,1220,411
BDKBJLID_01138,61,47,249,270,59
BDKBJLID_01139,136,105,1083,878,103
BDKBJLID_01140,169,114,1075,891,137
BDKBJLID_01141,66,40,270,305,66
BDKBJLID_01142,7,5,38,62,5
BDKBJLID_01143,131,93,1606,1126,120
BDKBJLID_01144,173,90,1478,1040,127
BDKBJLID_01145,482,316,3085,2439,526
BDKBJLID_01146,22,24,175,211,29
BDKBJLID_01147,83,66,504,566,69
BDKBJLID_01148,19,27,185,259,23
BDKBJLID_01149,102,67,597,467,80
BDKBJLID_01150,235,144,1435,993,166
BDKBJLID_01151,233,153,1767,1576,203
BDKBJLID_01152,82,36,502,416,44
BDKBJLID_01153,85,42,509,424,57
BDKBJLID_01154,49,23,270,181,31
BDKBJLID_01155,1065,471,4799,3600,721
BDKBJLID_01156,435,314,3562,3389,418
BDKBJLID_01157,25,15,212,226,12
BDKBJLID_01158,85,67,627,596,74
BDKBJLID_01159,65,32,442,376,41
BDKBJLID_01160,130,116,1083,805,149
BDKBJLID_01161,901,487,5885,4896,612
BDKBJLID_01162,2353,1721,9417,7197,2024
BDKBJLID_01163,316,331,2214,2440,379
BDKBJLID_01164,25,29,300,301,24
BDKBJLID_01165,75,50,472,454,77
BDKBJLID_01166,2,7,57,51,1
BDKBJLID_01167,9,13,100,98,3
BDKBJLID_01168,11,10,94,66,6
BDKBJLID_01169,56,27,325,374,36
BDKBJLID_01170,809,412,4521,3671,547
BDKBJLID_01171,68,28,428,399,36
BDKBJLID_01172,19,14,171,131,12
BDKBJLID_01173,7,7,58,68,8
BDKBJLID_01174,12,2,58,38,4
BDKBJLID_01175,3,2,4,3,1
BDKBJLID_01176,10,19,309,393,18
BDKBJLID_01177,143,90,1330,1108,87
BDKBJLID_01178,13,9,112,88,10
BDKBJLID_01179,87,56,725,527,84
BDKBJLID_01180,13,3,107,108,1
BDKBJLID_01181,65,38,485,442,61
BDKBJLID_01182,158,92,1163,765,78
BDKBJLID_01183,516,344,4265,3730,395
BDKBJLID_01184,187,113,1173,1037,120
BDKBJLID_01185,4,2,32,43,5
BDKBJLID_01186,91,48,629,560,70
BDKBJLID_01187,132,109,1106,1110,115
BDKBJLID_01188,70,53,393,382,32
BDKBJLID_01189,10,6,155,253,9
BDKBJLID_01190,41,40,693,648,42
BDKBJLID_01191,13,9,153,166,6
BDKBJLID_01192,9,4,114,163,5
BDKBJLID_01193,153,107,2084,1859,115
BDKBJLID_01194,54,47,442,376,49
BDKBJLID_01195,69,29,862,572,43
BDKBJLID_01196,1736,1189,8384,5573,1423
BDKBJLID_01197,78,63,1499,2036,80
BDKBJLID_01198,324,125,3004,2172,178
BDKBJLID_01199,997,610,8944,7453,869
BDKBJLID_01200,352,194,2956,2652,248
BDKBJLID_01201,1598,801,12493,10122,1044
BDKBJLID_01202,920,578,7336,6676,709
BDKBJLID_01203,849,501,10714,8856,551
BDKBJLID_01204,143,125,1178,1020,141
BDKBJLID_01205,314,181,2900,2337,185
BDKBJLID_01206,664,432,4217,3458,528
BDKBJLID_01207,451,336,6780,6506,466
BDKBJLID_01208,557,399,5285,4882,567
BDKBJLID_01209,163,88,1597,1049,99
BDKBJLID_01210,2,0,36,20,2
BDKBJLID_01211,21,10,122,107,14
BDKBJLID_01212,18,8,147,132,12
BDKBJLID_01213,6,5,42,27,1
BDKBJLID_01214,88,118,889,1002,115
BDKBJLID_01215,52,58,473,361,62
BDKBJLID_01216,358,112,686,637,171
BDKBJLID_01217,331,93,310,277,178
BDKBJLID_01218,635,145,786,552,271
BDKBJLID_01219,236,85,390,409,113
BDKBJLID_01220,109,60,351,327,49
BDKBJLID_01221,22,7,91,106,14
BDKBJLID_01223,186,129,1174,901,188
BDKBJLID_01224,75,78,838,1188,69
BDKBJLID_01226,131,74,515,468,99
BDKBJLID_01227,38,33,232,289,30
BDKBJLID_01228,679,452,2802,2258,435
BDKBJLID_01229,290,160,1053,1037,193
BDKBJLID_01230,1226,765,5986,5554,1048
BDKBJLID_01231,1876,1036,8988,7856,1344
BDKBJLID_01232,36,22,217,193,32
BDKBJLID_01233,61,33,277,298,38
BDKBJLID_01235,346,281,1373,2139,238
BDKBJLID_01236,290,173,2469,1820,234
BDKBJLID_01237,81,56,747,723,73
BDKBJLID_01238,389,245,3588,3352,398
BDKBJLID_01239,38,27,910,1186,36
BDKBJLID_01240,104,67,711,479,99
BDKBJLID_01241,3520,1959,26673,23467,3160
BDKBJLID_01242,751,542,4841,6004,804
BDKBJLID_01243,178,124,1550,1375,140
BDKBJLID_01244,131,90,1354,1107,124
BDKBJLID_01245,119,63,985,864,101
BDKBJLID_01246,104,47,629,598,85
BDKBJLID_01247,828,482,6025,4888,703
BDKBJLID_01249,52,31,624,549,59
BDKBJLID_01250,11,12,184,135,16
BDKBJLID_01251,0,0,3,4,0
BDKBJLID_01252,3,6,27,36,3
BDKBJLID_01253,0,0,7,0,0
BDKBJLID_01254,59,39,606,575,72
BDKBJLID_01255,8,3,35,42,3
BDKBJLID_01256,12,11,262,155,5
BDKBJLID_01257,34,12,214,138,21
BDKBJLID_01258,1,0,2,4,0
BDKBJLID_01259,18,8,145,82,9
BDKBJLID_01260,141,108,1804,2530,177
BDKBJLID_01261,252,227,1995,1581,288
BDKBJLID_01262,145,80,778,568,109
BDKBJLID_01263,58,51,610,582,37
BDKBJLID_01264,712,405,4901,4009,489
BDKBJLID_01265,1240,642,6910,5778,938
BDKBJLID_01266,336,239,3065,2333,326
BDKBJLID_01267,11,12,153,128,15
BDKBJLID_01268,10,7,152,100,11
BDKBJLID_01269,267,187,2751,2075,216
BDKBJLID_01270,79,91,1252,1339,104
BDKBJLID_01271,239,149,2666,2616,201
BDKBJLID_01272,416,219,3040,2115,332
BDKBJLID_01273,1221,677,10098,7628,1080
BDKBJLID_01274,845,523,9855,7853,651
BDKBJLID_01275,633,399,4443,4205,529
BDKBJLID_01276,200,146,1940,1517,151
BDKBJLID_01277,66,51,711,640,60
BDKBJLID_01278,18,22,598,765,30
BDKBJLID_01279,40,37,355,435,40
BDKBJLID_01280,166,99,1155,967,120
BDKBJLID_01281,33,16,215,280,25
BDKBJLID_01282,143,131,1749,1733,137
BDKBJLID_01283,51,62,679,805,82
BDKBJLID_01284,186,143,1806,1474,202
BDKBJLID_01285,346,202,3150,2236,287
BDKBJLID_01286,196,151,2219,2042,218
BDKBJLID_01287,7,7,105,172,7
BDKBJLID_01288,45,45,408,526,43
BDKBJLID_01289,669,604,7904,6739,687
BDKBJLID_01290,459,283,4020,3168,449
BDKBJLID_01291,462,481,6209,5550,616
BDKBJLID_01292,535,453,6777,5231,747
BDKBJLID_01293,976,580,11185,7617,1003
BDKBJLID_01294,450,472,5781,5117,684
BDKBJLID_01295,192,136,1842,1592,171
BDKBJLID_01296,226,125,1567,1231,215
BDKBJLID_01297,768,483,6065,5130,652
BDKBJLID_01298,445,403,9540,14553,410
BDKBJLID_01299,311,268,129,129,381
BDKBJLID_01300,19,19,10,8,32
BDKBJLID_01301,270,248,609,553,274
BDKBJLID_01302,215,130,1680,1376,173
BDKBJLID_01303,5,5,26,25,9
BDKBJLID_01304,2129,811,15527,13031,1407
BDKBJLID_01305,91,59,1491,1524,88
BDKBJLID_01306,104,74,1366,1195,105
BDKBJLID_01308,38,29,304,320,34
BDKBJLID_01309,23,15,247,285,30
BDKBJLID_01310,2363,1724,38066,25171,2068
BDKBJLID_01311,206,136,2351,1952,167
BDKBJLID_01312,114,71,639,944,66
BDKBJLID_01313,91,59,454,269,79
BDKBJLID_01314,15,10,94,84,21
BDKBJLID_01315,301,145,1396,779,238
BDKBJLID_01316,193,93,1683,1119,133
BDKBJLID_01317,418,130,1639,1104,228
BDKBJLID_01318,222,93,764,648,140
BDKBJLID_01319,94,43,650,733,79
BDKBJLID_01320,26,17,287,229,23
BDKBJLID_01321,298,122,1437,1005,210
BDKBJLID_01322,119,96,993,838,97
BDKBJLID_01323,145,88,991,1012,93
BDKBJLID_01324,403,199,2390,1874,273
BDKBJLID_01325,73,14,187,147,29
BDKBJLID_01326,37,12,98,50,18
BDKBJLID_01327,1,0,23,16,4
BDKBJLID_01328,63,24,195,193,22
BDKBJLID_01329,268,108,1076,1027,133
BDKBJLID_01330,222,61,518,436,72
BDKBJLID_01331,33,30,320,616,21
BDKBJLID_01332,56,44,412,399,23
BDKBJLID_01333,28,14,358,390,17
BDKBJLID_01334,19,24,211,299,21
BDKBJLID_01335,11,15,125,139,21
BDKBJLID_01336,72,51,671,514,62
BDKBJLID_01337,133,67,1038,986,83
BDKBJLID_01338,379,208,2562,2068,257
BDKBJLID_01339,270,128,1960,1374,153
BDKBJLID_01340,329,181,4667,4243,202
BDKBJLID_01341,81,47,725,566,40
BDKBJLID_01342,112,56,577,440,62
BDKBJLID_01343,251,151,1685,1409,197
BDKBJLID_01344,173,107,1167,1079,134
BDKBJLID_01345,170,125,1325,1006,122
BDKBJLID_01346,56,53,441,366,49
BDKBJLID_01347,85,51,426,483,61
BDKBJLID_01350,282,208,2890,1804,293
BDKBJLID_01351,534,340,4830,3923,459
BDKBJLID_01352,173,138,2367,2129,155
BDKBJLID_01353,139,99,1650,1538,111
BDKBJLID_01354,84,72,920,940,76
BDKBJLID_01355,108,45,763,548,82
BDKBJLID_01356,21,9,115,164,13
BDKBJLID_01357,34,19,905,774,31
BDKBJLID_01358,743,470,3125,2677,511
BDKBJLID_01359,49,44,648,668,56
BDKBJLID_01360,393,258,1692,1506,287
BDKBJLID_01361,125,55,589,704,96
BDKBJLID_01363,84,52,557,413,75
BDKBJLID_01364,385,175,2968,2359,300
BDKBJLID_01365,320,158,2916,1728,212
BDKBJLID_01366,365,218,1846,1510,269
BDKBJLID_01367,200,132,1084,1065,135
BDKBJLID_01368,71,58,632,650,67
BDKBJLID_01369,241,191,1612,1411,174
BDKBJLID_01370,176,121,1858,1374,139
BDKBJLID_01371,748,428,6756,5550,483
BDKBJLID_01372,26,7,309,137,4
BDKBJLID_01373,633,221,2205,1496,361
BDKBJLID_01374,373,139,2117,1481,173
BDKBJLID_01375,558,249,2581,2114,266
BDKBJLID_01376,496,207,1855,1571,281
BDKBJLID_01377,728,276,2794,2445,402
BDKBJLID_01378,778,326,3970,3390,359
BDKBJLID_01379,462,240,2440,1780,344
BDKBJLID_01380,33,20,272,362,22
BDKBJLID_01381,823,525,7713,6903,717
BDKBJLID_01382,28,29,535,531,24
BDKBJLID_01383,663,175,3099,2390,288
BDKBJLID_01384,259,110,1552,1240,133
BDKBJLID_01385,394,115,1628,1158,166
BDKBJLID_01386,6,2,19,46,3
BDKBJLID_01387,147,91,671,527,113
BDKBJLID_01388,140,108,1416,1260,143
BDKBJLID_01389,130,90,1157,1148,94
BDKBJLID_01390,331,170,2933,2305,234
BDKBJLID_01391,28,21,276,294,24
BDKBJLID_01392,5495,1804,28873,29476,2563
BDKBJLID_01393,26,21,347,291,23
BDKBJLID_01394,438,336,5023,4373,435
BDKBJLID_01395,1043,580,9397,9100,879
BDKBJLID_01396,17,9,324,352,17
BDKBJLID_01397,29,46,2899,3583,71
BDKBJLID_01398,79,70,803,1066,90
BDKBJLID_01399,27,14,333,348,34
BDKBJLID_01400,42,42,1029,1308,52
BDKBJLID_01401,0,1,11,21,0
BDKBJLID_01402,30,23,333,371,42
BDKBJLID_01403,75,54,541,513,48
BDKBJLID_01404,18,22,214,204,25
BDKBJLID_01405,52,35,363,478,64
BDKBJLID_01406,46,27,361,422,47
BDKBJLID_01407,37,22,299,315,39
BDKBJLID_01408,52,35,426,537,36
BDKBJLID_01409,61,45,489,713,70
BDKBJLID_01410,82,78,823,1244,84
BDKBJLID_01411,9,6,123,139,12
BDKBJLID_01412,15,19,328,453,31
BDKBJLID_01413,12,3,238,374,9
BDKBJLID_01414,0,9,105,277,2
BDKBJLID_01415,6,8,127,162,0
BDKBJLID_01416,10,16,269,302,7
BDKBJLID_01417,103,53,596,489,84
BDKBJLID_01418,24,22,337,358,34
BDKBJLID_01419,58,34,554,586,50
BDKBJLID_01420,68,35,578,650,46
BDKBJLID_01421,56,42,518,478,45
BDKBJLID_01422,47,31,465,464,24
BDKBJLID_01423,67,44,637,677,55
BDKBJLID_01424,12,3,163,131,2
BDKBJLID_01425,18,13,254,277,21
BDKBJLID_01426,0,0,85,85,2
BDKBJLID_01427,2,5,160,149,3
BDKBJLID_01428,2,2,141,184,6
BDKBJLID_01429,20,11,215,254,16
BDKBJLID_01430,33,18,425,447,26
BDKBJLID_01431,8,9,84,118,11
BDKBJLID_01432,0,0,6,5,0
BDKBJLID_01433,4,12,494,583,26
BDKBJLID_01434,25,19,341,336,34
BDKBJLID_01435,29,21,381,335,20
BDKBJLID_01436,15,17,234,209,18
BDKBJLID_01437,63,22,707,545,26
BDKBJLID_01438,50,39,692,759,36
BDKBJLID_01439,83,39,606,510,59
BDKBJLID_01440,79,48,614,505,66
BDKBJLID_01441,377,176,573,488,214
BDKBJLID_01442,359,229,2633,1977,243
BDKBJLID_01443,116,83,1120,968,89
BDKBJLID_01444,72,44,430,378,46
BDKBJLID_01445,451,180,2440,2095,276
BDKBJLID_01446,163,126,1562,1546,146
BDKBJLID_01447,4,5,241,286,9
BDKBJLID_01448,14,1,214,326,6
BDKBJLID_01449,5,5,89,190,4
BDKBJLID_01450,41,39,555,554,40
BDKBJLID_01451,2123,1721,18305,16827,2299
BDKBJLID_01452,115,93,628,466,98
BDKBJLID_01453,388,320,4729,4461,412
BDKBJLID_01454,90,66,706,860,70
BDKBJLID_01456,1700,981,5861,4397,1479
BDKBJLID_01457,3642,3300,19151,22171,3771
BDKBJLID_01458,919,556,5495,7950,641
BDKBJLID_01459,7872,3181,25747,20393,5660
BDKBJLID_01460,499,230,2425,2194,382
BDKBJLID_01461,250,156,1749,2294,206
BDKBJLID_01462,893,679,7227,6404,856
BDKBJLID_01463,1142,1042,5967,6352,1309
BDKBJLID_01464,712,429,1898,1841,568
BDKBJLID_01465,698,488,2960,3456,632
BDKBJLID_01466,2318,1417,11767,14055,1904
BDKBJLID_01467,169,97,1166,741,136
BDKBJLID_01468,427,344,3939,3992,339
BDKBJLID_01469,177,136,905,1039,166
BDKBJLID_01470,155,127,1157,1090,164
BDKBJLID_01471,60,57,422,438,64
BDKBJLID_01472,62,45,476,520,70
BDKBJLID_01473,201,180,1738,1864,216
BDKBJLID_01474,188,139,1254,1192,178
BDKBJLID_01475,145,115,1266,1370,168
BDKBJLID_01476,79,64,597,499,63
BDKBJLID_01477,137,119,1382,1642,156
BDKBJLID_01478,54,44,457,525,33
BDKBJLID_01479,71,62,758,939,75
BDKBJLID_01480,594,347,4598,3357,457
BDKBJLID_01481,319,202,1974,2055,237
BDKBJLID_01482,275,152,1477,1267,168
BDKBJLID_01483,54,46,509,421,71
BDKBJLID_01484,613,347,4507,3809,420
BDKBJLID_01485,201,137,1711,1533,158
BDKBJLID_01486,135,142,1511,1738,169
BDKBJLID_01487,102,88,918,679,101
BDKBJLID_01488,167,107,1350,1067,123
BDKBJLID_01489,19,12,175,281,10
BDKBJLID_01490,115,69,775,614,86
BDKBJLID_01491,26,30,315,332,16
BDKBJLID_01492,294,225,2218,1344,224
BDKBJLID_01493,44,18,245,250,32
BDKBJLID_01494,1790,1257,15453,14389,1599
BDKBJLID_01495,65,70,531,652,77
BDKBJLID_01496,210,185,1417,1398,216
BDKBJLID_01497,127,95,882,865,99
BDKBJLID_01498,2521,1757,16145,15491,2248
BDKBJLID_01499,3432,1678,18270,14914,2841
BDKBJLID_01500,3425,1937,22549,24264,2908
BDKBJLID_01501,301,184,2075,1842,250
BDKBJLID_01502,15,9,89,117,28
BDKBJLID_01503,18,15,125,208,19
BDKBJLID_01504,725,583,7880,7870,761
BDKBJLID_01505,400,209,3140,2988,289
BDKBJLID_01506,1107,794,9548,10156,1120
BDKBJLID_01507,10013,13017,120755,167906,14405
BDKBJLID_01509,122,87,749,705,90
BDKBJLID_01510,121,74,1007,932,124
BDKBJLID_01511,50,20,309,218,38
BDKBJLID_01512,8,3,114,77,5
BDKBJLID_01513,2,3,45,73,3
BDKBJLID_01514,38,9,246,172,42
BDKBJLID_01515,8,6,92,98,5
BDKBJLID_01516,25,8,85,106,13
BDKBJLID_01517,35,17,199,149,26
BDKBJLID_01518,14,6,81,47,4
BDKBJLID_01519,1,2,8,14,0
BDKBJLID_01520,147,130,1856,1765,177
BDKBJLID_01521,616,496,5062,3720,660
BDKBJLID_01522,1799,1264,7898,7276,1965
BDKBJLID_01523,1365,896,5632,6399,1419
BDKBJLID_01524,26,29,210,283,39
BDKBJLID_01525,313,370,2701,3059,357
BDKBJLID_01526,486,320,2567,2155,407
BDKBJLID_01527,1109,824,5668,4961,1164
BDKBJLID_01528,29,21,252,380,25
BDKBJLID_01529,33,64,271,325,76
BDKBJLID_01530,330,243,2432,2570,281
BDKBJLID_01531,72,56,431,483,91
BDKBJLID_01532,213,165,1102,963,219
BDKBJLID_01533,287,229,1736,1914,341
BDKBJLID_01534,182,159,1515,1464,171
BDKBJLID_01535,261,223,1240,874,226
BDKBJLID_01536,61,51,447,337,44
BDKBJLID_01537,40,33,256,279,42
BDKBJLID_01538,198,160,1059,1079,177
BDKBJLID_01539,195,135,1584,1566,152
BDKBJLID_01540,78,115,3451,3600,104
BDKBJLID_01541,957,600,9488,8061,903
BDKBJLID_01542,385,174,2803,1924,244
BDKBJLID_01543,174,115,1451,1356,130
BDKBJLID_01544,408,195,2731,2690,284
BDKBJLID_01545,84,58,696,593,77
BDKBJLID_01546,318,203,2510,2212,226
BDKBJLID_01547,544,342,4158,3741,468
BDKBJLID_01548,296,168,2144,1785,259
BDKBJLID_01549,295,215,2283,1892,239
BDKBJLID_01550,485,339,3417,3302,407
BDKBJLID_01551,13,21,148,227,12
BDKBJLID_01552,96,69,635,842,55
BDKBJLID_01554,2132,4093,108135,208463,4046
BDKBJLID_01555,1194,911,8570,8572,1119
BDKBJLID_01556,281,251,3063,2918,311
BDKBJLID_01557,630,455,4370,5903,550
BDKBJLID_01558,60,46,351,535,43
BDKBJLID_01559,428,353,3806,3590,490
BDKBJLID_01560,1394,1013,13087,14003,1237
BDKBJLID_01561,221,167,1631,1777,223
BDKBJLID_01562,304,229,2445,2526,280
BDKBJLID_01563,34,20,215,237,27
BDKBJLID_01564,239,192,1947,1871,264
BDKBJLID_01565,1061,831,6553,8293,963
BDKBJLID_01566,367,268,3871,3343,349
BDKBJLID_01567,566,410,3715,4351,467
BDKBJLID_01568,1058,766,4797,5559,993
BDKBJLID_01569,2628,2208,15489,20676,2698
BDKBJLID_01570,1893,1174,11336,11850,1628
BDKBJLID_01571,1544,808,8096,7429,1293
BDKBJLID_01572,2507,1361,14855,14431,2391
BDKBJLID_01573,4869,3201,28608,38259,4330
BDKBJLID_01574,1069,760,5550,6025,985
BDKBJLID_01575,574,423,3065,4306,529
BDKBJLID_01576,344,299,2034,2230,336
BDKBJLID_01577,67,44,192,292,63
BDKBJLID_01578,1280,909,4761,6507,1090
BDKBJLID_01579,776,633,3536,5015,770
BDKBJLID_01580,962,601,4194,5731,775
BDKBJLID_01581,142,114,796,883,145
BDKBJLID_01582,73,56,459,634,66
BDKBJLID_01583,188,182,874,1046,207
BDKBJLID_01584,13,14,62,170,15
BDKBJLID_01585,219,160,1549,1483,224
BDKBJLID_01586,174,144,1317,951,139
BDKBJLID_01587,251,155,1727,1630,200
BDKBJLID_01588,85,48,451,388,83
BDKBJLID_01589,238,143,1766,1615,234
BDKBJLID_01590,654,344,4039,3550,564
BDKBJLID_01591,63,42,843,819,50
BDKBJLID_01592,370,244,3607,3758,328
BDKBJLID_01593,212,119,1469,980,130
BDKBJLID_01594,126,106,1279,989,133
BDKBJLID_01595,664,277,3402,3272,315
BDKBJLID_01596,504,439,4444,3410,521
BDKBJLID_01597,46,35,464,428,40
BDKBJLID_01598,36,35,322,303,28
BDKBJLID_01599,114,72,1174,1042,103
BDKBJLID_01600,542,387,5006,4874,569
BDKBJLID_01601,536,382,3972,3767,533
BDKBJLID_01602,93,67,1435,1335,94
BDKBJLID_01603,361,208,3020,2516,319
BDKBJLID_01604,1285,842,10379,7690,1187
BDKBJLID_01605,775,567,7055,5677,822
BDKBJLID_01606,187,137,1638,1677,167
BDKBJLID_01608,75,75,690,876,59
BDKBJLID_01609,258,223,3002,2980,233
BDKBJLID_01610,139,153,2024,1534,141
BDKBJLID_01611,29,38,1403,1204,35
BDKBJLID_01612,13,12,1233,984,15
BDKBJLID_01613,636,339,3429,3321,456
BDKBJLID_01614,14,10,378,443,16
BDKBJLID_01615,46,26,652,358,34
BDKBJLID_01616,77,33,1014,965,66
BDKBJLID_01617,37,25,680,749,38
BDKBJLID_01618,13,21,210,172,10
BDKBJLID_01619,22,12,90,85,13
BDKBJLID_01620,16,11,189,203,15
BDKBJLID_01621,158,85,2515,2181,129
BDKBJLID_01622,170,78,3010,2026,102
BDKBJLID_01623,30,19,590,439,27
BDKBJLID_01624,1,0,4,7,0
BDKBJLID_01625,10,9,76,78,7
BDKBJLID_01626,12,11,162,109,10
BDKBJLID_01627,761,248,3406,3013,416
BDKBJLID_01628,259,126,1172,1100,181
BDKBJLID_01629,286,157,1351,1387,228
BDKBJLID_01630,616,314,5066,4391,420
BDKBJLID_01631,266,145,2018,1549,209
BDKBJLID_01632,773,381,3750,2583,553
BDKBJLID_01633,191,142,2667,2265,179
BDKBJLID_01634,127,66,566,427,84
BDKBJLID_01635,135,105,1263,903,145
BDKBJLID_01636,454,463,8196,10872,571
BDKBJLID_01637,106,78,698,711,101
BDKBJLID_01638,114,108,1292,1211,129
BDKBJLID_01639,22,25,443,564,39
BDKBJLID_01640,233,201,2823,2900,228
BDKBJLID_01641,262,172,2158,2234,227
BDKBJLID_01642,366,246,3165,2859,302
BDKBJLID_01643,183,121,2564,2171,146
BDKBJLID_01644,167,150,1822,2287,207
BDKBJLID_01645,52,28,492,655,42
BDKBJLID_01646,272,212,3731,3941,291
BDKBJLID_01647,434,241,3332,3219,337
BDKBJLID_01648,415,331,3964,4575,430
BDKBJLID_01649,373,237,2288,2339,331
BDKBJLID_01650,598,347,3320,3669,506
BDKBJLID_01651,550,333,4099,3063,482
BDKBJLID_01652,29,41,2126,2628,73
BDKBJLID_01653,93,76,2049,2722,91
BDKBJLID_01654,199,139,2054,1976,195
BDKBJLID_01655,173,98,1411,1149,167
BDKBJLID_01656,119,73,890,953,99
BDKBJLID_01657,54,44,522,630,57
BDKBJLID_01658,146,125,1028,889,170
BDKBJLID_01659,252,133,1356,1158,198
BDKBJLID_01660,190,143,1291,1158,178
BDKBJLID_01661,1285,810,6199,5578,1058
BDKBJLID_01662,334,244,1583,1913,299
BDKBJLID_01663,195,127,893,1030,192
BDKBJLID_01664,692,447,3374,3923,548
BDKBJLID_01665,251,150,1620,1308,191
BDKBJLID_01666,4256,2091,27492,22205,3297
BDKBJLID_01667,38,20,357,397,32
BDKBJLID_01668,249,209,2959,3016,223
BDKBJLID_01669,492,282,4571,3809,451
BDKBJLID_01670,97,87,793,1003,82
BDKBJLID_01671,218,152,1786,1578,192
BDKBJLID_01672,191,131,1139,1367,170
BDKBJLID_01673,130,53,489,463,112
BDKBJLID_01674,338,209,2258,2380,288
BDKBJLID_01675,212,164,2181,2089,217
BDKBJLID_01676,733,490,6939,5861,700
BDKBJLID_01677,166,135,1341,1400,163
BDKBJLID_01678,219,120,931,1095,164
BDKBJLID_01679,510,320,2022,2692,421
BDKBJLID_01680,841,524,4958,4457,714
BDKBJLID_01682,589,403,2982,3538,506
BDKBJLID_01683,392,224,2389,2507,317
BDKBJLID_01684,465,445,2934,3286,480
BDKBJLID_01685,1665,1176,10041,11265,1528
BDKBJLID_01686,1813,1156,9670,12250,1442
BDKBJLID_01687,22,26,329,576,28
BDKBJLID_01688,65,39,444,388,64
BDKBJLID_01689,194,186,1815,2210,193
BDKBJLID_01690,553,546,4090,5321,635
BDKBJLID_01691,2468,1795,14411,15626,2234
BDKBJLID_01692,134,166,2247,3706,141
BDKBJLID_01693,668,441,5291,5074,581
BDKBJLID_01694,165,120,2063,1999,147
BDKBJLID_01695,63,58,632,883,60
BDKBJLID_01696,321,233,3112,3460,309
BDKBJLID_01697,142,75,757,705,111
BDKBJLID_01698,8,5,90,136,5
BDKBJLID_01699,278,219,2270,2515,267
BDKBJLID_01700,573,503,4966,5827,562
BDKBJLID_01701,532,396,3184,3295,557
BDKBJLID_01702,344,230,1317,1197,251
BDKBJLID_01703,252,128,1833,2191,211
BDKBJLID_01704,385,215,2317,2441,342
BDKBJLID_01705,162,90,832,990,116
BDKBJLID_01706,19,12,171,124,19
BDKBJLID_01707,231,194,1924,1280,261
BDKBJLID_01708,317,222,2456,2621,287
BDKBJLID_01709,55,56,363,566,56
BDKBJLID_01710,351,284,2462,2602,393
BDKBJLID_01711,992,588,8022,7886,921
BDKBJLID_01712,104,80,1755,1936,80
BDKBJLID_01713,345,275,3598,3872,362
BDKBJLID_01714,421,288,2079,2149,351
BDKBJLID_01715,317,212,1997,1749,312
BDKBJLID_01716,123,117,839,983,166
BDKBJLID_01717,187,144,1528,1975,208
BDKBJLID_01718,168,81,839,736,126
BDKBJLID_01719,328,158,1436,1437,234
BDKBJLID_01720,2500,2332,13815,14654,2600
BDKBJLID_01721,518,441,3078,3325,485
BDKBJLID_01722,64,38,528,683,61
BDKBJLID_01723,780,617,5163,6726,765
BDKBJLID_01724,145,104,921,1132,133
BDKBJLID_01725,305,205,2215,2530,262
BDKBJLID_01726,601,478,4837,5215,601
BDKBJLID_01727,319,166,1641,1853,272
BDKBJLID_01728,309,206,1653,1889,291
BDKBJLID_01729,64,44,494,351,51
BDKBJLID_01730,54,47,406,528,59
BDKBJLID_01731,2217,1785,12785,13120,2081
BDKBJLID_01732,1799,938,18525,22897,1450
BDKBJLID_01733,23514,11475,179029,163287,19723
BDKBJLID_01734,1633,1308,12843,14660,1509
BDKBJLID_01735,732,468,3797,3793,691
BDKBJLID_01736,259,167,1265,1481,236
BDKBJLID_01737,316,204,1940,1983,287
BDKBJLID_01738,422,219,2480,2661,383
BDKBJLID_01739,73,56,737,923,79
BDKBJLID_01740,1896,1400,10896,11770,1823
BDKBJLID_01741,795,527,5224,4873,748
BDKBJLID_01742,407,336,3031,3063,398
BDKBJLID_01743,196,181,1416,1362,199
BDKBJLID_01744,90,85,869,922,120
BDKBJLID_01745,701,510,5625,4285,773
BDKBJLID_01746,1201,988,9095,11119,1190
BDKBJLID_01747,67,72,741,804,78
BDKBJLID_01748,383,272,2979,3650,338
BDKBJLID_01749,280,199,2057,2024,228
BDKBJLID_01750,868,591,6019,6464,849
BDKBJLID_01751,104,68,1044,1310,123
BDKBJLID_01752,22,21,204,203,28
BDKBJLID_01753,140,121,973,1147,130
BDKBJLID_01754,77,58,638,530,67
BDKBJLID_01755,7,15,235,385,9
BDKBJLID_01756,248,195,2960,2930,297
BDKBJLID_01757,212,183,962,1254,211
BDKBJLID_01758,432,302,2845,2919,401
BDKBJLID_01759,663,481,3420,3886,652
BDKBJLID_01760,1345,969,7142,6664,1214
BDKBJLID_01761,446,317,2876,3445,436
BDKBJLID_01762,172,139,1252,1863,152
BDKBJLID_01763,300,196,1530,1464,264
BDKBJLID_01764,853,668,4406,5219,794
BDKBJLID_01765,370,192,1713,2064,301
BDKBJLID_01766,403,275,2384,2595,352
BDKBJLID_01767,187,170,1726,2032,196
BDKBJLID_01768,518,393,2959,2990,460
BDKBJLID_01769,85,82,896,1005,71
BDKBJLID_01770,85,83,1079,1414,103
BDKBJLID_01771,423,369,2931,3037,478
BDKBJLID_01772,462,290,2492,2680,411
BDKBJLID_01773,73,86,553,648,82
BDKBJLID_01774,41,26,334,262,37
BDKBJLID_01775,28,16,183,140,24
BDKBJLID_01776,178,110,1086,966,153
BDKBJLID_01777,75,52,251,301,46
BDKBJLID_01780,752,554,3730,2937,700
BDKBJLID_01781,89,96,661,698,125
BDKBJLID_01782,558,357,4501,4567,516
BDKBJLID_01783,566,321,2999,3141,402
BDKBJLID_01784,407,353,4498,5269,404
BDKBJLID_01785,160,127,1463,1672,176
BDKBJLID_01786,288,171,2253,1787,249
BDKBJLID_01787,41,28,493,478,50
BDKBJLID_01788,476,334,2902,2839,409
BDKBJLID_01789,254,200,1473,1664,283
BDKBJLID_01790,407,269,3467,3866,353
BDKBJLID_01791,651,510,5327,6203,596
BDKBJLID_01793,792,400,4914,4782,634
BDKBJLID_01794,1,3,51,35,10
BDKBJLID_01795,16,11,156,130,4
BDKBJLID_01796,10,6,84,69,20
BDKBJLID_01797,21,10,186,170,23
BDKBJLID_01798,19,7,94,75,5
BDKBJLID_01799,117,77,980,896,86
BDKBJLID_01800,18,12,1470,1341,11
BDKBJLID_01801,41,32,3073,3166,19
BDKBJLID_01802,30,18,1837,1534,37
BDKBJLID_01803,90,46,5933,4739,66
BDKBJLID_01804,18,6,2766,1985,23
BDKBJLID_01805,23,22,5154,4688,21
BDKBJLID_01806,295,235,2700,3956,299
BDKBJLID_01807,125,59,765,1253,111
BDKBJLID_01808,2401,1046,15928,13346,2140
BDKBJLID_01809,238,184,1764,1640,205
BDKBJLID_01810,1769,868,4530,6101,945
BDKBJLID_01811,8435,6806,68457,80218,8290
BDKBJLID_01812,100,107,1249,1100,123
BDKBJLID_01813,31,30,427,368,35
BDKBJLID_01814,400,274,2886,2905,367
BDKBJLID_01815,200,148,1158,1178,188
BDKBJLID_01816,42,13,176,147,20
BDKBJLID_01817,385,228,2058,1629,354
BDKBJLID_01818,241,194,2852,3789,232
BDKBJLID_01819,1310,854,11965,10730,1240
BDKBJLID_01820,1314,831,11195,10550,1100
BDKBJLID_01821,552,418,4701,4011,487
BDKBJLID_01822,81,65,800,1112,85
BDKBJLID_01823,302,144,4876,4921,159
BDKBJLID_01824,142,56,2111,2007,81
BDKBJLID_01825,284,117,2611,2488,169
BDKBJLID_01826,417,238,5291,4637,265
BDKBJLID_01827,423,186,6038,5144,188
BDKBJLID_01828,182,107,1997,1925,122
BDKBJLID_01829,187,80,1873,1810,99
BDKBJLID_01830,187,179,2203,2255,203
BDKBJLID_01831,126,78,1240,1470,125
BDKBJLID_01832,911,483,6687,5897,814
BDKBJLID_01833,469,317,2913,2881,354
BDKBJLID_01834,160,113,1466,1656,153
BDKBJLID_01835,65,41,362,494,65
BDKBJLID_01836,179,116,1208,1104,144
BDKBJLID_01837,74,96,723,805,68
BDKBJLID_01838,175,111,1277,1224,117
BDKBJLID_01839,82,61,275,379,85
BDKBJLID_01840,43,33,23,26,61
BDKBJLID_01841,4,5,12,6,4
BDKBJLID_01842,51,26,14,9,34
BDKBJLID_01843,165,132,43,55,159
BDKBJLID_01844,63,24,21,21,53
BDKBJLID_01845,517,314,3691,3159,464
BDKBJLID_01846,269,196,1703,1841,226
BDKBJLID_01847,256,202,1593,1416,235
BDKBJLID_01848,294,157,1015,829,188
BDKBJLID_01849,6124,3063,26521,20981,4218
BDKBJLID_01850,1010,737,6647,7029,1019
BDKBJLID_01851,3,2,35,35,4
BDKBJLID_01852,275,210,1546,1669,214
BDKBJLID_01853,52,24,263,280,39
BDKBJLID_01854,4,1,55,128,7
BDKBJLID_01855,78,48,616,468,54
BDKBJLID_01856,36,35,325,375,30
BDKBJLID_01857,56,40,463,383,38
BDKBJLID_01858,14,15,103,117,10
BDKBJLID_01859,90,54,631,661,73
BDKBJLID_01860,37,26,378,412,43
BDKBJLID_01861,98,69,906,992,90
BDKBJLID_01862,16,8,73,61,6
BDKBJLID_01863,8,4,57,77,9
BDKBJLID_01864,15,12,119,106,15
BDKBJLID_01865,2,2,26,22,3
BDKBJLID_01866,24,10,186,133,15
BDKBJLID_01867,3,2,16,19,3
BDKBJLID_01868,90,70,441,536,75
BDKBJLID_01869,287,183,1951,1996,270
BDKBJLID_01870,625,427,5384,6537,541
BDKBJLID_01871,84,86,813,869,72
BDKBJLID_01872,98,77,367,557,68
BDKBJLID_01873,157,153,1406,1724,143
BDKBJLID_01874,44,40,615,638,54
BDKBJLID_01875,65,64,788,1011,66
BDKBJLID_01876,46,48,527,634,46
BDKBJLID_01877,8,6,75,69,8
BDKBJLID_01878,1454,1126,15283,13528,1357
BDKBJLID_01879,140,90,920,1124,104
BDKBJLID_01880,135,109,1219,1276,175
BDKBJLID_01881,11,5,89,98,8
BDKBJLID_01882,21,22,170,156,30
BDKBJLID_01883,107,88,873,1006,89
BDKBJLID_01884,50,52,397,305,65
BDKBJLID_01885,289,204,1057,874,274
BDKBJLID_01886,2,0,19,18,1
BDKBJLID_01887,1376,1263,8780,14146,1279
BDKBJLID_01888,72,49,618,852,75
BDKBJLID_01889,12,12,140,192,13
BDKBJLID_01890,92,60,336,365,74
BDKBJLID_01891,80,38,412,422,53
BDKBJLID_01892,182,190,1209,1631,203
BDKBJLID_01893,107,63,607,523,89
BDKBJLID_01894,88,79,922,994,116
BDKBJLID_01895,64,66,470,538,73
BDKBJLID_01896,53,34,441,420,51
BDKBJLID_01897,66,55,547,496,60
BDKBJLID_01898,7,4,65,53,8
BDKBJLID_01899,0,0,5,18,4
BDKBJLID_01900,17,10,156,122,20
BDKBJLID_01901,15,9,126,141,8
BDKBJLID_01902,65,51,423,571,63
BDKBJLID_01903,1046,570,7636,7040,924
BDKBJLID_01904,207,141,2357,3343,212
BDKBJLID_01905,83,73,688,612,115
BDKBJLID_01906,5,1,25,34,2
BDKBJLID_01907,12,10,132,138,16
BDKBJLID_01908,75,46,314,283,60
BDKBJLID_01909,463,300,4337,4499,403
BDKBJLID_01910,92,60,1074,1412,85
BDKBJLID_01911,149,107,1872,1828,178
BDKBJLID_01912,693,489,4330,3763,516
BDKBJLID_01913,112,97,2003,2856,126
BDKBJLID_01914,30,35,259,236,31
BDKBJLID_01915,4,3,51,58,10
BDKBJLID_01916,2,1,14,29,5
BDKBJLID_01917,9,7,97,111,8
BDKBJLID_01918,13,15,194,163,17
BDKBJLID_01919,374,330,3059,3119,391
BDKBJLID_01920,14,9,48,76,5
BDKBJLID_01921,20,23,140,159,22
BDKBJLID_01922,2,10,47,64,1
BDKBJLID_01923,17,12,129,124,10
BDKBJLID_01924,13,6,66,69,13
BDKBJLID_01925,87,42,400,314,56
BDKBJLID_01926,9,7,58,60,7
BDKBJLID_01927,2,3,20,23,2
BDKBJLID_01928,2,0,5,23,0
BDKBJLID_01929,1,0,1,10,0
BDKBJLID_01930,56,40,324,348,54
BDKBJLID_01931,29,42,284,305,52
BDKBJLID_01932,21,9,123,126,20
BDKBJLID_01933,181,92,753,709,117
BDKBJLID_01934,6,2,74,101,8
BDKBJLID_01935,12,14,146,141,6
BDKBJLID_01936,200,169,1488,1998,187
BDKBJLID_01937,84,69,801,885,68
BDKBJLID_01938,76,55,503,433,73
BDKBJLID_01939,314,217,5511,5487,284
BDKBJLID_01940,22,29,646,844,41
BDKBJLID_01941,17,14,133,128,14
BDKBJLID_01942,2,0,2,0,1
BDKBJLID_01943,8,6,38,77,8
BDKBJLID_01944,7,8,108,164,6
BDKBJLID_01945,51,28,276,281,23
BDKBJLID_01946,40,31,310,405,29
BDKBJLID_01947,9,13,122,152,21
BDKBJLID_01948,45,31,349,334,32
BDKBJLID_01949,26,14,203,202,18
BDKBJLID_01950,247,169,1778,2144,210
BDKBJLID_01951,61,36,295,326,35
BDKBJLID_01952,11,3,39,58,6
BDKBJLID_01953,7,6,65,26,6
BDKBJLID_01954,14,1,54,32,6
BDKBJLID_01955,15,7,62,45,3
BDKBJLID_01956,3,1,35,18,7
BDKBJLID_01957,58,38,347,333,54
BDKBJLID_01958,55,31,404,483,47
BDKBJLID_01959,36,27,282,197,41
BDKBJLID_01960,20,22,140,181,38
BDKBJLID_01961,13,14,124,133,21
BDKBJLID_01962,34,31,234,232,33
BDKBJLID_01963,13,16,97,161,16
BDKBJLID_01964,1,1,10,13,1
BDKBJLID_01965,90,67,520,698,74
BDKBJLID_01966,9,4,49,28,10
BDKBJLID_01967,262,232,2212,2573,285
BDKBJLID_01968,375,287,3584,2932,253
BDKBJLID_01969,28,14,113,267,18
BDKBJLID_01970,2,1,17,30,3
BDKBJLID_01971,1,0,2,4,0
BDKBJLID_01972,14,6,56,108,8
BDKBJLID_01973,4,3,20,33,7
BDKBJLID_01974,12,5,54,66,8
BDKBJLID_01975,8,7,33,58,7
BDKBJLID_01976,51,25,254,201,47
BDKBJLID_01977,25,13,147,123,23
BDKBJLID_01978,29,11,165,166,24
BDKBJLID_01979,12,11,115,136,23
BDKBJLID_01980,42,17,207,239,23
BDKBJLID_01981,65,48,496,446,71
BDKBJLID_01982,139,99,997,1158,120
BDKBJLID_01983,3,4,16,19,2
BDKBJLID_01984,14,5,42,58,8
BDKBJLID_01985,79,47,436,479,56
BDKBJLID_01986,9,4,71,46,6
BDKBJLID_01987,12,6,48,29,7
BDKBJLID_01988,73,42,304,348,56
BDKBJLID_01989,54,33,428,476,65
BDKBJLID_01990,44,41,309,306,63
BDKBJLID_01991,6,13,38,48,18
BDKBJLID_01992,45,37,372,451,28
BDKBJLID_01993,141,89,740,708,119
BDKBJLID_01994,35,17,205,191,22
BDKBJLID_01995,78,55,405,518,63
BDKBJLID_01996,318,139,1629,1724,256
BDKBJLID_01997,172,117,700,795,131
BDKBJLID_01998,180,135,1029,1231,176
BDKBJLID_01999,1,1,1,3,3
BDKBJLID_02000,8,1,107,77,15
BDKBJLID_02001,0,0,10,10,1
BDKBJLID_02002,7,8,69,54,8
BDKBJLID_02003,8,6,104,90,8
BDKBJLID_02004,293,207,1975,2387,284
BDKBJLID_02005,28,18,274,414,23
BDKBJLID_02006,19,11,123,141,17
BDKBJLID_02007,42,42,189,263,35
BDKBJLID_02008,571,494,4701,6260,547
BDKBJLID_02009,54,41,541,491,59
BDKBJLID_02010,42,44,564,592,48
BDKBJLID_02011,48,44,360,360,47
BDKBJLID_02012,4,14,163,183,13
BDKBJLID_02013,9,5,109,66,5
BDKBJLID_02014,44,15,455,226,20
BDKBJLID_02015,4,2,57,50,0
BDKBJLID_02016,61,14,696,535,25
BDKBJLID_02017,49,21,239,290,35
BDKBJLID_02018,2,1,16,18,0
BDKBJLID_02019,15,5,43,37,4
BDKBJLID_02020,10,6,47,39,2
BDKBJLID_02021,0,1,15,7,2
BDKBJLID_02022,8,4,68,48,6
BDKBJLID_02023,6,2,49,39,4
BDKBJLID_02024,5,2,64,33,2
BDKBJLID_02025,0,1,19,15,1
BDKBJLID_02026,1,0,10,3,1
BDKBJLID_02027,0,0,18,9,1
BDKBJLID_02028,5,3,65,35,2
BDKBJLID_02029,0,0,3,2,0
BDKBJLID_02030,4,1,82,68,2
BDKBJLID_02031,0,0,12,7,0
BDKBJLID_02032,1,0,17,11,0
BDKBJLID_02033,4,2,21,10,3
BDKBJLID_02034,3,3,28,17,2
BDKBJLID_02035,0,0,1,2,0
BDKBJLID_02036,1,1,2,9,0
BDKBJLID_02037,4,1,6,9,0
BDKBJLID_02038,1,0,4,2,2
BDKBJLID_02039,0,0,3,0,0
BDKBJLID_02040,3,1,6,16,0
BDKBJLID_02041,3,3,50,34,3
BDKBJLID_02042,0,0,2,0,0
BDKBJLID_02043,3,4,5,15,1
BDKBJLID_02044,0,3,9,10,0
BDKBJLID_02045,3,9,50,69,3
BDKBJLID_02046,9,6,52,56,8
BDKBJLID_02047,0,1,11,1,0
BDKBJLID_02048,12,8,127,109,13
BDKBJLID_02049,3,4,31,23,3
BDKBJLID_02050,46,30,447,329,16
BDKBJLID_02051,25,7,219,119,14
BDKBJLID_02052,14,7,200,168,9
BDKBJLID_02053,8,3,125,101,4
BDKBJLID_02054,4,9,117,77,2
BDKBJLID_02055,2,1,16,9,0
BDKBJLID_02056,5,8,105,107,11
BDKBJLID_02057,4,0,39,41,6
BDKBJLID_02058,0,1,19,16,0
BDKBJLID_02059,8,8,82,78,7
BDKBJLID_02060,2,2,18,25,0
BDKBJLID_02061,35,19,330,377,20
BDKBJLID_02062,11,4,52,123,3
BDKBJLID_02063,1,1,5,17,0
BDKBJLID_02064,7,8,113,204,8
BDKBJLID_02065,27,15,216,196,30
BDKBJLID_02066,3,6,31,60,11
BDKBJLID_02067,11,11,130,155,12
BDKBJLID_02068,26,19,285,326,30
BDKBJLID_02069,26,44,337,654,44
BDKBJLID_02070,47,29,315,231,19
BDKBJLID_02071,9,11,80,147,0
BDKBJLID_02072,22,15,198,256,20
BDKBJLID_02073,275,168,2531,2073,138
BDKBJLID_02074,334,150,2495,1704,178
BDKBJLID_02075,116,62,1230,862,46
BDKBJLID_02076,119,58,1119,925,57
BDKBJLID_02077,193,96,1727,1276,92
BDKBJLID_02078,636,240,5747,4516,275
BDKBJLID_02079,731,176,5723,3974,325
BDKBJLID_02080,28,24,325,235,21
BDKBJLID_02081,285,209,2467,2374,316
BDKBJLID_02082,22,22,188,210,25
BDKBJLID_02083,122,80,598,440,69
BDKBJLID_02084,316,242,4226,4008,227
BDKBJLID_02085,74,50,464,390,44
BDKBJLID_02086,53,45,443,524,30
BDKBJLID_02087,88,66,540,469,109
BDKBJLID_02088,25,18,167,165,20
BDKBJLID_02089,18,20,207,234,30
BDKBJLID_02090,61,37,599,597,56
BDKBJLID_02091,110,60,670,394,73
BDKBJLID_02092,221,184,1959,1501,186
BDKBJLID_02093,91,87,886,660,71
BDKBJLID_02094,94,75,674,872,83
BDKBJLID_02095,35,19,178,136,35
BDKBJLID_02096,0,0,23,32,2
BDKBJLID_02097,14,19,279,264,21
BDKBJLID_02098,87,41,856,669,75
BDKBJLID_02099,147,93,961,602,109
BDKBJLID_02100,18,13,169,127,15
BDKBJLID_02101,9,5,80,40,3
BDKBJLID_02102,6,5,56,34,2
BDKBJLID_02103,5,3,20,35,1
BDKBJLID_02104,91,57,562,417,64
BDKBJLID_02105,36,18,170,118,17
BDKBJLID_02106,14,11,130,64,9
BDKBJLID_02107,27,11,185,163,10
BDKBJLID_02108,11,9,77,53,7
BDKBJLID_02109,14,5,126,99,3
BDKBJLID_02110,47,30,303,248,41
BDKBJLID_02111,5,4,86,94,1
BDKBJLID_02112,13,12,132,85,9
BDKBJLID_02113,375,197,2879,1890,242
BDKBJLID_02114,2,4,92,120,5
BDKBJLID_02115,42,18,232,233,30
BDKBJLID_02116,12,13,116,153,26
BDKBJLID_02117,4,1,28,27,4
BDKBJLID_02118,2,0,2,9,0
BDKBJLID_02119,23,8,90,144,10
BDKBJLID_02120,91,74,531,504,80
BDKBJLID_02121,18,6,124,148,14
BDKBJLID_02122,35,26,278,287,33
BDKBJLID_02123,1344,721,16915,12463,988
BDKBJLID_02124,441,295,6320,4512,382
BDKBJLID_02125,42,44,742,612,34
BDKBJLID_02126,42,26,190,252,39
BDKBJLID_02127,148,102,1024,930,113
BDKBJLID_02128,31,29,235,216,29
BDKBJLID_02129,187,139,1623,1365,154
BDKBJLID_02130,21,25,210,227,17
BDKBJLID_02131,12,13,128,160,10
BDKBJLID_02132,24,18,349,288,38
BDKBJLID_02133,179,166,1622,1505,191
BDKBJLID_02134,12,8,137,100,7
BDKBJLID_02135,51,27,231,301,28
BDKBJLID_02136,285,138,544,701,136
BDKBJLID_02137,544,205,1752,1346,254
BDKBJLID_02138,448,140,1176,886,234
BDKBJLID_02139,25,17,200,183,35
BDKBJLID_02140,61,43,526,541,63
BDKBJLID_02141,38,50,579,507,58
BDKBJLID_02142,58,50,1023,795,66
BDKBJLID_02143,87,54,758,740,76
BDKBJLID_02144,76,60,756,823,60
BDKBJLID_02145,50,46,530,635,76
BDKBJLID_02146,37,26,291,241,31
BDKBJLID_02147,47,42,506,503,59
BDKBJLID_02148,24,18,278,500,18
BDKBJLID_02149,2691,2302,34924,33804,2548
BDKBJLID_02151,867,836,6048,7072,1027
BDKBJLID_02152,530,322,2244,2424,372
BDKBJLID_02153,308,188,1102,944,289
BDKBJLID_02154,174,147,814,852,149
BDKBJLID_02155,259,223,1553,1622,233
BDKBJLID_02156,107,81,665,553,100
BDKBJLID_02157,187,102,890,921,120
BDKBJLID_02158,135,143,847,1031,139
BDKBJLID_02159,147,144,789,1344,151
BDKBJLID_02160,219,176,1221,1188,203
BDKBJLID_02161,30,27,241,256,38
BDKBJLID_02162,85,59,716,854,79
BDKBJLID_02163,61,48,561,533,54
BDKBJLID_02164,149,126,1148,1629,141
BDKBJLID_02165,85,70,680,650,77
BDKBJLID_02166,206,138,1620,1390,167
BDKBJLID_02167,75,46,639,741,69
BDKBJLID_02168,99,61,734,897,109
BDKBJLID_02169,275,212,1382,1726,232
BDKBJLID_02170,272,259,2005,2579,270
BDKBJLID_02171,231,183,1178,1477,234
BDKBJLID_02172,89,81,492,499,86
BDKBJLID_02173,286,238,2284,2725,305
BDKBJLID_02174,15,20,109,180,17
BDKBJLID_02175,172,144,1376,1159,160
BDKBJLID_02176,83,75,702,546,91
BDKBJLID_02177,76,43,816,821,82
BDKBJLID_02178,78,48,577,629,69
BDKBJLID_02179,8,6,142,208,20
BDKBJLID_02180,87,71,516,483,80
BDKBJLID_02181,282,180,1659,1241,188
BDKBJLID_02182,272,172,2000,1566,198
BDKBJLID_02183,50,36,662,521,32
BDKBJLID_02184,260,168,1809,1735,255
BDKBJLID_02185,249,175,1760,1670,237
BDKBJLID_02186,267,151,1526,1373,189
BDKBJLID_02187,84,70,784,686,89
BDKBJLID_02188,20,24,229,220,24
BDKBJLID_02189,80,69,607,612,68
BDKBJLID_02190,47,19,417,420,33
BDKBJLID_02191,49,42,723,619,28
BDKBJLID_02192,79,41,578,598,69
BDKBJLID_02193,122,69,639,544,91
BDKBJLID_02194,658,372,3943,3026,514
BDKBJLID_02195,330,221,2611,2481,277
BDKBJLID_02196,194,118,1370,1182,152
BDKBJLID_02197,4721,2777,15315,13690,2303
BDKBJLID_02198,130,85,814,925,120
BDKBJLID_02199,110,98,1153,1224,123
BDKBJLID_02200,359,234,2163,2080,323
BDKBJLID_02201,208,173,1919,1796,153
BDKBJLID_02202,85,61,488,502,61
BDKBJLID_02203,301,155,1724,1360,251
BDKBJLID_02204,595,400,4323,3196,373
BDKBJLID_02205,110,81,997,1045,93
BDKBJLID_02206,110,47,589,497,78
BDKBJLID_02207,65,42,357,363,45
BDKBJLID_02208,121,75,576,500,106
BDKBJLID_02209,413,203,2970,2570,263
BDKBJLID_02210,83,59,547,827,67
BDKBJLID_02211,182,135,1363,1329,186
BDKBJLID_02212,352,285,2960,2479,330
BDKBJLID_02213,95,81,726,799,61
BDKBJLID_02214,1136,864,10345,6963,1234
BDKBJLID_02215,4,6,76,150,5
BDKBJLID_02216,528,451,4565,4444,555
BDKBJLID_02217,388,350,3158,3135,389
BDKBJLID_02218,277,187,1975,1856,197
BDKBJLID_02219,255,190,2343,2345,230
BDKBJLID_02220,339,237,2220,1786,305
BDKBJLID_02221,305,234,2710,2700,283
BDKBJLID_02222,274,274,2451,2993,305
BDKBJLID_02223,1239,985,7606,8594,1111
BDKBJLID_02225,125,69,876,748,89
BDKBJLID_02226,155,105,1112,1293,145
BDKBJLID_02227,18,7,199,233,16
BDKBJLID_02228,304,192,2322,1854,251
BDKBJLID_02229,564,349,5370,4690,408
BDKBJLID_02230,399,223,3003,2529,245
BDKBJLID_02231,46,26,471,489,51
BDKBJLID_02232,13,13,193,258,17
BDKBJLID_02233,79,45,799,699,65
BDKBJLID_02234,222,141,1805,1468,136
BDKBJLID_02235,143,107,949,875,110
BDKBJLID_02236,14,21,164,175,12
BDKBJLID_02237,175,112,1130,968,118
BDKBJLID_02238,43,18,278,281,25
BDKBJLID_02239,32,16,211,241,21
BDKBJLID_02240,108,72,795,653,70
BDKBJLID_02241,57,45,534,491,58
BDKBJLID_02242,144,127,1500,1546,163
BDKBJLID_02243,5,8,144,162,9
BDKBJLID_02244,9,9,122,212,10
BDKBJLID_02245,10,22,409,625,11
BDKBJLID_02246,18,22,286,255,23
BDKBJLID_02247,54,30,684,541,43
BDKBJLID_02248,61,37,1021,864,41
BDKBJLID_02249,19,25,433,347,25
BDKBJLID_02250,114,56,1389,1219,74
BDKBJLID_02251,339,276,3694,3152,298
BDKBJLID_02252,720,254,4632,3420,441
BDKBJLID_02253,243,113,1737,1460,161
BDKBJLID_02254,145,71,1182,1145,135
BDKBJLID_02255,144,78,1106,780,101
BDKBJLID_02256,182,79,1015,741,107
BDKBJLID_02257,437,266,3000,2672,335
BDKBJLID_02258,178,94,776,759,90
BDKBJLID_02259,177,107,1221,989,155
BDKBJLID_02260,20,16,621,629,26
BDKBJLID_02261,307,119,41706,29355,263
BDKBJLID_02262,3,9,97,143,2
BDKBJLID_02263,108,97,1051,1060,114
BDKBJLID_02264,33,30,263,345,36
BDKBJLID_02265,250,187,1780,1566,172
BDKBJLID_02266,220,148,1981,1834,208
BDKBJLID_02267,172,95,1400,1157,176
BDKBJLID_02268,517,291,3818,3545,487
BDKBJLID_02269,67,49,579,496,65
BDKBJLID_02270,128,84,1041,1030,132
BDKBJLID_02271,368,287,2382,2491,354
BDKBJLID_02272,174,109,988,975,124
BDKBJLID_02273,25,23,161,151,20
BDKBJLID_02274,25,15,149,147,15
BDKBJLID_02275,70,51,393,309,58
BDKBJLID_02276,66,71,573,504,74
BDKBJLID_02277,60,34,454,412,68
BDKBJLID_02278,19,18,219,295,10
BDKBJLID_02279,141,121,1028,1081,173
BDKBJLID_02280,96,52,431,408,75
BDKBJLID_02281,115,87,712,735,109
BDKBJLID_02282,1,1,3,5,1
BDKBJLID_02283,3,1,34,25,2
BDKBJLID_02284,8,5,92,70,10
BDKBJLID_02285,3,1,41,38,2
BDKBJLID_02286,0,2,19,19,4
BDKBJLID_02287,14,2,73,41,10
BDKBJLID_02288,25,12,134,128,8
BDKBJLID_02289,35,29,163,189,28
BDKBJLID_02290,114,82,712,810,86
BDKBJLID_02291,4,4,20,5,1
BDKBJLID_02292,10,8,118,103,5
BDKBJLID_02293,10,7,91,60,4
BDKBJLID_02294,4,4,30,24,3
BDKBJLID_02295,17,11,99,109,9
BDKBJLID_02296,37,35,410,259,29
BDKBJLID_02297,90,65,722,969,87
BDKBJLID_02299,146,112,1601,1262,151
BDKBJLID_02300,1068,749,8992,9618,1037
BDKBJLID_02301,3,3,34,53,2
BDKBJLID_02302,136,124,853,1013,143
BDKBJLID_02303,308,248,2014,1859,294
BDKBJLID_02304,232,126,1215,892,156
BDKBJLID_02305,139,66,636,480,118
BDKBJLID_02306,474,308,2787,2205,291
BDKBJLID_02307,639,372,3423,3588,571
BDKBJLID_02308,515,274,2721,2302,409
BDKBJLID_02309,228,150,708,649,153
BDKBJLID_02310,103,56,652,729,94
BDKBJLID_02316,6368,3278,26481,19708,4839
BDKBJLID_02317,165,181,1416,1525,208
BDKBJLID_02318,431,287,2015,2439,414
BDKBJLID_02319,183,154,1492,1708,184
BDKBJLID_02320,227,183,1578,1433,226
BDKBJLID_02321,27,18,344,500,33
BDKBJLID_02322,35,19,293,361,41
BDKBJLID_02323,9,8,124,136,17
BDKBJLID_02324,70,53,521,448,45
BDKBJLID_02325,165,94,1022,1025,121
BDKBJLID_02326,83,45,843,828,52
BDKBJLID_02327,308,204,3690,3260,240
BDKBJLID_02328,0,0,7,12,0
BDKBJLID_02329,2,1,5,5,1
BDKBJLID_02330,17,9,125,86,13
BDKBJLID_02331,1,0,10,12,1
BDKBJLID_02332,4,6,40,51,5
BDKBJLID_02333,5,4,30,49,3
BDKBJLID_02334,3,1,24,11,2
BDKBJLID_02335,5,9,58,33,4
BDKBJLID_02336,25,14,124,133,22
BDKBJLID_02337,30,17,123,81,18
BDKBJLID_02338,105,85,1277,1189,104
BDKBJLID_02339,88,52,742,558,58
BDKBJLID_02340,267,157,1182,1216,225
BDKBJLID_02341,364,270,2468,2037,364
BDKBJLID_02342,103,105,105,92,115
BDKBJLID_02343,3,2,35,63,2
BDKBJLID_02344,728,590,4728,3353,775
BDKBJLID_02345,167,153,1266,1286,174
BDKBJLID_02346,140,95,933,845,76
BDKBJLID_02347,33,26,245,200,18
BDKBJLID_02348,592,402,3782,3035,488
BDKBJLID_02349,1095,849,9510,8792,1127
BDKBJLID_02350,500,302,2642,2171,449
BDKBJLID_02351,45,33,207,345,44
BDKBJLID_02352,970,644,6321,4611,933
BDKBJLID_02353,69,37,506,376,41
BDKBJLID_02354,191,147,1435,1375,186
BDKBJLID_02355,114,82,1130,950,129
BDKBJLID_02356,181,116,1129,1124,166
BDKBJLID_02357,245,187,1947,1881,247
BDKBJLID_02358,182,128,1332,1679,167
BDKBJLID_02359,12462,8041,80861,71349,12016
BDKBJLID_02360,169,117,2203,2880,164
BDKBJLID_02361,18,25,375,611,30
BDKBJLID_02362,118,100,927,858,99
BDKBJLID_02363,17,10,192,252,19
BDKBJLID_02364,217,131,1227,1478,173
BDKBJLID_02365,316,187,1178,1039,244
BDKBJLID_02366,197,131,943,1048,156
BDKBJLID_02367,127,75,750,592,99
BDKBJLID_02368,944,677,4933,4705,816
BDKBJLID_02369,531,461,3208,3102,583
BDKBJLID_02370,6561,8776,79132,123311,7911
BDKBJLID_02371,73,58,662,793,67
BDKBJLID_02372,15,5,157,195,17
BDKBJLID_02373,58,46,426,497,55
BDKBJLID_02374,174,152,1015,1346,177
BDKBJLID_02375,184,103,1397,1445,159
BDKBJLID_02376,1409,689,8120,7764,1127
BDKBJLID_02377,1497,740,7837,5803,1213
BDKBJLID_02378,349,223,1629,1519,274
BDKBJLID_02384,36,24,232,249,34
BDKBJLID_02385,187,185,2151,2698,253
BDKBJLID_02386,232,185,2518,2419,286
BDKBJLID_02387,155,97,1060,1310,138
BDKBJLID_02388,192,127,988,1248,143
BDKBJLID_02389,6,5,190,175,16
BDKBJLID_02390,97,66,838,881,96
BDKBJLID_02391,82,42,507,570,63
BDKBJLID_02392,86,58,713,600,82
BDKBJLID_02393,41,47,345,266,49
BDKBJLID_02394,211,145,1464,1840,182
BDKBJLID_02395,1247,754,6228,5917,1078
BDKBJLID_02396,306,169,1572,1193,220
BDKBJLID_02397,182,165,1157,971,178
BDKBJLID_02398,7304,7481,80563,69880,6779
BDKBJLID_02399,445,323,2708,2173,385
BDKBJLID_02400,391,236,2797,2098,386
BDKBJLID_02401,904,483,5284,3432,730
BDKBJLID_02402,185,89,1132,1085,138
BDKBJLID_02403,255,219,1592,1675,214
BDKBJLID_02404,98,78,605,744,106
BDKBJLID_02405,77,43,711,686,73
BDKBJLID_02406,79,48,656,569,70
BDKBJLID_02407,112,57,1020,969,98
BDKBJLID_02408,157,117,1422,1200,157
BDKBJLID_02409,24,16,193,89,26
BDKBJLID_02410,294,166,2124,1425,223
BDKBJLID_02411,377,207,3640,3659,342
BDKBJLID_02412,163,94,977,785,67
BDKBJLID_02413,208,106,778,548,134
BDKBJLID_02414,259,185,1607,1625,243
BDKBJLID_02415,103,75,729,817,89
BDKBJLID_02416,47,28,1008,902,39
BDKBJLID_02417,432,259,2572,2214,263
BDKBJLID_02418,397,280,2780,2283,345
BDKBJLID_02419,3178,1852,26359,22100,2589
BDKBJLID_02420,80,50,533,459,59
BDKBJLID_02421,1059,716,4625,4676,825
BDKBJLID_02422,815,559,3131,3007,675
BDKBJLID_02424,285,224,2370,1980,273
BDKBJLID_02425,65,111,1956,3328,115
BDKBJLID_02426,59,53,464,390,59
BDKBJLID_02427,39,32,386,399,29
BDKBJLID_02428,214,174,1949,1730,173
BDKBJLID_02429,321,200,1808,1279,274
BDKBJLID_02430,547,235,2848,2290,326
BDKBJLID_02431,365,227,2352,2312,292
BDKBJLID_02432,84,67,846,806,110
BDKBJLID_02433,83,78,1602,1764,111
BDKBJLID_02434,388,210,3597,3591,288
BDKBJLID_02435,561,222,4130,3455,446
BDKBJLID_02436,1612,855,8719,6768,1265
BDKBJLID_02437,129,92,1413,1185,108
BDKBJLID_02438,27,18,335,374,37
BDKBJLID_02439,108,76,835,732,130
BDKBJLID_02440,0,1,25,22,3
BDKBJLID_02441,24,21,245,280,25
BDKBJLID_02442,170,110,1326,1057,142
BDKBJLID_02443,581,395,4469,4118,519
BDKBJLID_02444,305,196,2092,1638,281
BDKBJLID_02445,325,200,1868,1740,253
BDKBJLID_02446,389,206,3281,2440,337
BDKBJLID_02447,128,93,1060,871,96
BDKBJLID_02448,201,113,1523,1439,177
BDKBJLID_02449,1189,1099,10609,12931,1331
BDKBJLID_02450,1581,1242,9968,7482,1563
BDKBJLID_02451,555,312,3499,3897,447
BDKBJLID_02452,616,473,5759,5179,602
BDKBJLID_02453,171,129,1107,1272,128
BDKBJLID_02454,621,317,2971,2828,518
BDKBJLID_02455,95,60,537,464,62
BDKBJLID_02456,249,141,1978,2105,218
BDKBJLID_02457,1975,1135,10305,8209,1758
BDKBJLID_02458,142,102,857,885,146
BDKBJLID_02459,385,278,2633,2840,369
BDKBJLID_02460,150,76,593,514,120
BDKBJLID_02461,341,204,1998,1651,266
BDKBJLID_02462,121,112,1217,1102,124
BDKBJLID_02463,861,591,7787,7846,860
BDKBJLID_02464,207,112,986,1167,144
BDKBJLID_02465,195,157,1241,1354,194
BDKBJLID_02466,345,326,3744,4273,371
BDKBJLID_02467,296,131,2205,3837,179
BDKBJLID_02468,1228,481,6821,5479,801
BDKBJLID_02469,1543,473,10171,6491,891
BDKBJLID_02470,1053,327,6343,3908,652
BDKBJLID_02471,34,12,409,450,27
BDKBJLID_02472,252,101,1742,1547,182
BDKBJLID_02473,251,146,2246,1949,262
BDKBJLID_02474,130,89,1129,1258,137
BDKBJLID_02475,313,212,2490,2501,276
BDKBJLID_02476,1057,713,7042,6739,913
BDKBJLID_02477,347,287,3209,2986,340
BDKBJLID_02478,103,83,906,931,105
BDKBJLID_02479,266,210,2859,3038,219
BDKBJLID_02480,636,410,6645,5831,546
BDKBJLID_02481,940,572,8260,7512,839
BDKBJLID_02482,69,63,477,464,65
BDKBJLID_02483,123,60,689,685,71
BDKBJLID_02484,127,86,1006,997,130
BDKBJLID_02485,59,44,621,773,63
BDKBJLID_02486,366,268,2836,2589,324
BDKBJLID_02487,652,430,4206,4364,589
BDKBJLID_02488,590,336,3923,4139,435
BDKBJLID_02489,419,232,3722,4562,289
BDKBJLID_02490,552,277,3204,3504,372
BDKBJLID_02491,382,175,1934,2220,223
BDKBJLID_02492,496,220,3261,2603,306
BDKBJLID_02493,238,206,1171,1274,284
BDKBJLID_02494,251,160,2335,1701,228
BDKBJLID_02495,326,213,2784,3059,334
BDKBJLID_02496,522,405,4993,4993,530
BDKBJLID_02497,665,541,3802,4335,686
BDKBJLID_02498,713,431,4199,4417,621
BDKBJLID_02499,36,32,413,400,22
BDKBJLID_02500,93,44,539,510,75
BDKBJLID_02501,728,459,4625,4290,754
BDKBJLID_02502,588,324,3135,3536,509
BDKBJLID_02503,827,477,4957,5919,731
BDKBJLID_02504,100,84,567,654,113
BDKBJLID_02505,107,73,493,466,102
BDKBJLID_02506,78,52,326,462,54
BDKBJLID_02507,491,307,2340,3095,427
BDKBJLID_02508,1442,892,5697,7246,1060
BDKBJLID_02509,1132,791,5017,6645,969
BDKBJLID_02510,1478,1084,3957,5615,1231
BDKBJLID_02511,112,102,640,1128,136
BDKBJLID_02512,689,700,4173,5459,730
BDKBJLID_02513,295,354,1996,3558,307
BDKBJLID_02514,760,633,3299,4302,682
BDKBJLID_02515,358,263,1618,1880,336
BDKBJLID_02516,1168,715,3718,4620,891
BDKBJLID_02517,287,187,1038,1412,198
BDKBJLID_02518,679,473,3522,4478,531
BDKBJLID_02519,675,662,2238,4266,594
BDKBJLID_02520,2118,1505,7551,10158,1628
BDKBJLID_02521,944,730,2751,3948,767
BDKBJLID_02522,1397,1019,4874,7090,1152
BDKBJLID_02523,137,83,723,1253,107
BDKBJLID_02524,204,166,934,1667,168
BDKBJLID_02525,1111,811,5302,7089,1008
BDKBJLID_02526,99,106,553,1368,114
BDKBJLID_02527,390,331,2457,3537,372
BDKBJLID_02528,569,408,2901,4796,495
BDKBJLID_02529,171,144,1001,1675,149
BDKBJLID_02530,268,150,886,1082,247
BDKBJLID_02531,3011,2068,12869,18907,2576
BDKBJLID_02532,478,260,1795,2504,338
BDKBJLID_02533,796,521,2741,2404,799
BDKBJLID_02534,4989,2642,19513,26822,3806
BDKBJLID_02535,4286,2307,16875,23972,3242
BDKBJLID_02536,1076,775,3947,4888,767
BDKBJLID_02537,839,535,3825,5360,689
BDKBJLID_02538,808,553,3500,4647,755
BDKBJLID_02539,498,407,2033,2635,459
BDKBJLID_02540,329,226,1491,2423,289
BDKBJLID_02541,161,119,855,1623,157
BDKBJLID_02543,1193,633,3146,2973,961
BDKBJLID_02547,891,609,3601,4559,766
BDKBJLID_02548,1250,468,5079,4714,964
BDKBJLID_02550,429,269,2046,1824,340
BDKBJLID_02551,202,151,1427,1416,199
BDKBJLID_02552,3,5,54,100,6
BDKBJLID_02553,14,15,244,432,10
BDKBJLID_02554,229,170,1703,1783,198
BDKBJLID_02555,304,193,1824,2033,267
BDKBJLID_02556,106,76,632,979,88
BDKBJLID_02557,360,322,1857,2006,364
BDKBJLID_02558,187,177,1003,1346,181
BDKBJLID_02559,535,435,2503,3336,445
BDKBJLID_02560,401,318,2074,2905,424
BDKBJLID_02561,580,370,2957,2863,524
BDKBJLID_02562,586,413,2530,2937,515
BDKBJLID_02564,325,267,2170,2612,308
BDKBJLID_02565,318,203,2119,2394,318
BDKBJLID_02566,91,54,430,466,77
BDKBJLID_02567,570,425,3109,3601,514
BDKBJLID_02568,351,286,2618,3249,333
BDKBJLID_02569,1245,697,5943,7157,1082
BDKBJLID_02570,389,293,2359,2357,309
BDKBJLID_02571,1774,1409,10973,10850,1693
BDKBJLID_02572,106,87,806,848,126
BDKBJLID_02573,120,115,740,783,114
BDKBJLID_02574,808,440,3941,4069,643
BDKBJLID_02575,1590,772,10628,10450,1303
BDKBJLID_02576,320,112,1973,1839,195
BDKBJLID_02577,1537,723,9444,7887,1029
BDKBJLID_02578,447,258,3807,3393,345
BDKBJLID_02579,776,383,3198,2645,539
BDKBJLID_02580,58,25,417,338,33
BDKBJLID_02581,172,100,1239,1206,108
BDKBJLID_02582,149,15,331,334,34
BDKBJLID_02583,362,43,442,345,72
BDKBJLID_02584,221,27,320,263,32
BDKBJLID_02585,305,171,1972,1481,241
BDKBJLID_02586,339,166,1912,1694,281
BDKBJLID_02587,1780,1030,10113,8069,1509
BDKBJLID_02588,285,144,1772,1280,177
